"Original_Column_Names","V1","V2","V3","V4","V5","V6","V7","V8","V9","V10","V11","V12","V13","V14","V15","V16","V17","V18","V19","V20","V21","V22","V23","V24","V25","V26","V27","V28","V29","V30","V31","V32","V33","V34","V35","V36","V37","V38","V39","V40","V41","V42","V43","V44","V45","V46","V47","V48","V49","V50","V51","V52","V53","V54","V55","V56","V57","V58","V59","V60","V61","V62","V63","V64","V65","V66","V67","V68","V69","V70","V71","V72","V73","V74","V75","V76","V77","V78","V79","V80","V81","V82","V83","V84","V85","V86","V87","V88","V89","V90","V91","V92","V93","V94","V95","V96","V97","V98","V99","V100","V101","V102","V103","V104","V105","V106","V107","V108","V109","V110","V111","V112","V113","V114","V115","V116","V117","V118","V119","V120","V121","V122","V123","V124","V125","V126","V127","V128","V129","V130","V131","V132","V133","V134","V135","V136","V137","V138","V139","V140","V141","V142","V143","V144","V145","V146","V147","V148","V149","V150","V151","V152","V153","V154","V155","V156","V157","V158","V159","V160","V161","V162","V163","V164","V165","V166","V167","V168","V169","V170","V171","V172","V173","V174","V175","V176","V177","V178","V179","V180","V181","V182","V183","V184","V185","V186","V187","V188","V189","V190","V191","V192","V193","V194","V195","V196","V197","V198","V199","V200","V201","V202","V203","V204","V205","V206","V207","V208","V209","V210","V211","V212","V213","V214","V215","V216","V217","V218","V219","V220","V221","V222","V223","V224","V225","V226","V227","V228","V229","V230","V231","V232","V233","V234","V235","V236","V237","V238","V239","V240","V241","V242","V243","V244","V245","V246","V247","V248","V249","V250","V251","V252","V253","V254","V255","V256","V257","V258","V259","V260","V261","V262","V263","V264","V265","V266","V267","V268","V269","V270","V271","V272","V273","V274","V275","V276","V277","V278","V279","V280","V281","V282","V283","V284","V285","V286","V287","V288","V289","V290","V291","V292","V293","V294","V295","V296","V297","V298","V299","V300","V301","V302","V303","V304","V305","V306","V307","V308","V309","V310","V311","V312","V313","V314","V315","V316","V317","V318","V319","V320","V321","V322","V323","V324","V325","V326","V327","V328","V329","V330","V331","V332","V333","V334","V335","V336","V337","V338","V339","V340","V341","V342","V343","V344","V345","V346","V347","V348","V349","V350","V351","V352","V353","V354","V355","V356","V357","V358","V359","V360","V361","V362","V363","V364","V365","V366","V367","V368","V369","V370","V371","V372","V373","V374","V375","V376","V377","V378","V379","V380","V381","V382","V383","V384","V385"
"Site name","Thomatis West","Thomatis Creek West","Thomatis Creek East","Thonatis west","Tomatis Creek West","Thomatis Creek West","Thomatis Creek East","Thomatis creek west","Thomatis creek east","Thomatis Creek West","Thomatis Creek East","Thomatis creek east","Thomatis Creek East","Tomatis Creek East","3","S3","S3","Bushland Beach 2","Bushland beach 2","Bushland Beach 2","Bushland beach 1","Bushland beach 1","Bushland Beach 1","Site 2","Natica Close","Natica Close","Cairns judo club","Cairns Judo Club","Cairns Judo Club","Cairns Judo Club","Cairns Judo Club","Cairns Judo Club","Dunnrock","Dunnrock","Dunnrock","Dunnrock","Dunnrock","McCreadys Creek 2","Pioneer River Site 1.","Pioneer River Site 1","Pioneer River site 1","Bushland beach site 2","Bushland beach site 1","Bushland beach site 2","Bushland beach site 2","Bushland beach site 1","Bushland beach Site 1","Bluewater site 2","Bluewater site 1","Bluewater site 1","Bluwater site 2","Bluewater Site 2","Bluewater Sight 2","Bluewater Site 2","Bluewater site 1","Bluewater Site 1","Bluewater Site 1","Bluewater Sight 1","Bluewater Site 2","Eimeo Site 2","Eimeo site 2","Eimeo Site 2","Eimeo Site 2","Eimeo site 2","Eimeo Site 2","Eimeo site 1","Eimeo Site 1","Eimeo site 1","Eimeo Site 1","Eimeo Site 1","Eimeo Site 1","AFP","Jack Barnes","Afp","Jack barnes","Thomatis1","Afp","AFP Site","AFP","AFP site","AFP","AFP","Jack Barnes","Jack BarnesBoardwalk","Jack Barnes","Jack Barnes","Jack barnes","Thomatis","Jack Barnes Board Walk","Jack","Railway Estate - Samphire","Railway Estate Samphire","Railway estate samphire","Railway Estate Samphire","Railway Estate small site","Railway Estate Small site","Railway estate small site","Railway estate small site","Bluewater 2","Bluewater site 2","Bluewater 1","Bluewater site 1","Oonoonba site 2","Oonoomba Site 2","Oonoomba site 2","Oonoonba site 2","Onoonba Site 2","Oonoonba Site 2","Oonoonba Site 2","Oonoonba site 2","Oonoonba site 2","Oonoonba site 1","Oonoomba Site 1","Oonoonba site 1","Oonoomba Site 1","Oonoonba site 1","Onoonba Site 1","Oonoonba site 1","Oonoonba Site 1","Oonoonba site 1","McCreadys Creek Site 2","McCreadys Creek Site 2","McCready Creek site 2","McCreadys salt marsh site 2","McCreays creek site1","McCreadys Creek site 1","McCreadys Creek Site 1","McCreadys Creek Site 1","McCreadys Creek site 1","McCreadys Creek site 1","Oonoonba 2","Oonoonba 1","Shellgrit Creek Site 2","Shellgrit Creek Site 1","Campwin site 2","Campwin Beach Site 2","Campwin Beach Site 1","Dunrock","Bluewater 2","Blue Water 2","Bluewater 2","Blue water 2","Blue water 1","Bluewater 1","Bluewater 1","Blue water 1","Bushland Beach Big Site","Bushland beach big site","Bushland Beach Big Site","Bushland beach big site","Bushland Beach Big Site","Bushland Beach Small Site","Bushland Beach small site","Bushland Beach small site","Bushland beach small site","Bushland beach small site","Railway Estate 2","Railway Estate 1","Site 2","Railway Estate 2","Railway 2","Railway estate 2","Railway Estate 2","Railway estate1","Railway Estate 2","Site 1","Railway Estate 1","Railway Estate 1","Railway Estate 1","Railway Estate 1","Oonoonba Site 2","Oonoonba 2","Oonoonba site 2","Oonoonba site 2","Oonoonba Site 2","Oonoonba Site 2","Oonoonba 1","Oonoonba site1","Oonoonba Site 1","Oonoonba site 1","Oonoonba 1","Oonoonba Site 1","Shellgrit 2","Shellgrit 1","Railway State 2 Samphire","Railway State 1 12th Avenue","Pioneer river","Riverside Park","Pallerenda","River Side park","Riverside Park","Riverside Park","East Trinity Site B","East trinity site B","East trinity site B","East Trinity Site A","East Trinity Site A","East trinity sites A","Eimeo Site 2","Eimeo Site 2","Eimeo","Eimeo site 2","Eimeo site 1","Eimeo Site 1","Eimeo Site 2","Eimeo Site 1","Eimeo site 1","Macreadys Creek Site 2","McCreadys creek site 2","McCready’s Creek Site 2","Macreadys Creek Site 2","Macreadys Creek site 2","Macready creek site2","Oonoonba small site","Oonoonba small site","Oonoonba Big site","Oonoonba Big site","Stuart Aquaculture","Stuart aqua culture","Stuart sapphire","Stuart Aquaculture","Stuart Aquaculture","Stuart Samphire","Stuart Samphire","Stuart Aquaculture","stuart aquaculture","Strut agricultural","Stuart Aquaculture","Stuart agriculture","Sturt samphire","Stuart Samphire","Stuart Samphire","Stuart sandphire","Stuart Samphire","Bushland Beach site 2","Bushland Beach site 1","Shellgrit creek site 2","Shellgrit creek site 1","Bushlandbeach site 2","Bushlandbeach site 1","Railway Estate 2: Samphire Road","RailwayEstate1 Twelfth Avenue","Pallarenda","Shellgrit Creek Site 2","Shellgrit Creek site 1","Shell Grit creek site 2","Shell creek grid","Bushlandbeachsite2","BushlandBeach#site1","Bushland Beach site 2","Bushland Beach site 1","Bushland Beach Site 2","Bushland beach Site 1","RE2 - Samphire road","Railway station 2","Railway estate 2 samphire road","Railway state 12th Avenue","RE1 - 12th avenue","Railway state 1 twelfth avenue","Yubdaren 2","Yandarren creek site 2","Yandarren creek site 2","Yandarren car site 2","Moore park 2","Dun rock","Dunrock","Pioneer River","Pioneer River","Pioneer river","Pioneer river","Pioneer river","Elliot site 5","Shark nest 2","E4","Elliot site 4","Big bend kolan","Yandarren creek site 2","Elliot 5","Elliot 3","Elliott 4","Kolan Big Bent","Natica Close","Natica Close and Flats","Natica Close and Flats","Natica cl","Nautica close","Silver site","Nautica close","Cairns Judo Club Yorkeys","Yorkeys Judo Club","Yorkeys Judo club","Yorkey’s Judo Club","Yorkeys judo club","Yorkeys Judo Club","Yorkies Judo Club","Yorkey’s Judo Club","Yorkeys judo club","Yorkeys Judo Club","Currambene","Currambene","Currambene creek","Currambene","Currambene","Currambene","Currambene","Currambene","Eilliott Heads","Burnett heads - Morris st","Elliot heads","Strathdees salt marsh","Burnett Heads Morris St","Elliot Heads","Elliot heads","Miara BoatRamp","Morris Street","Strathdees","Dunrock1","Yorkeys - bluewater site","Slade Point Boat Ramp","Slade point boat ramp","Slade Point Boat Ramp","Slade point survey","SladePoint Boat Ramp","Slade point boat ramp","Slade pt Boat Ramp","Slade point boat ramp","Dunnrock 1","Jack barnes","East trinity site B","East Trinity site A","AFP","Silver site","Machans dump","Dunrock 1","Dunrock 1","Dunrock 1","","Dunnrock 1","Dubrock 1","Elliott Heads - kanaka wall","Rubyanna","Jakbarnes","Afp","Jack Barnes","Jack Barnes","Jack Barnes","Jack barnes","Josh Barns","AFP","Jack Barnes","AFP","AFP","AFP","AFP","AFP","Cockle Bay 2","Cockle Bay 2","Cockle bay 1","Elliot Heads","Bundy Sugar","Strathdee 2","Maira 2B","Maira camp site","Maira Boat ramp","Morris street salt marsh","Bundaberg Sugar Kirbys","Strathdees","Miara 2A","Miara 2B","Miara caravan park","Miara boat ramp","Bundy sugar rubyanma","Miara site 2A","Miara site 2B","Miara caravan park","Machans Dump Site","Silver Site","Machans dump site","Machans beach dumpsite","Machans beach dump site","Silver Site","Silver site","Silver site","Cockle Bay 1","Pallaranda"
"Date","16/08/2025","16/08/2025","16/08/2025","16/08/2025","16/08/2025","16/08/2025","16/08/2025","16/08/2025","16/08/2025","16/08/2025","16/08/2025","16/08/2025","16/08/2025","16/08/2025","16/08/2025","16/08/2025","16/08/2025","11/07/2025","11/07/2025","11/07/2025","11/07/2025","11/07/2025","11/07/2025","28/06/2025","29/06/2025","28/06/2025","28/06/2025","28/06/2025","28/06/2025","28/06/2025","28/06/2025","28/06/2025","20/06/2025","20/06/2025","20/06/2025","20/06/2025","20/06/2025","6","5","5","5","28/05/2025","28/05/2025","28/05/2025","28/05/2025","28/05/2025","28/05/2025","27/05/2025","27/05/2025","27/05/2025","27/05/2025","27/05/2025","27/05/2025","27/05/2025","27/05/2025","27/05/2025","27/05/2025","27/05/2025","27/05/2025","23/05/2025","","23/05/2025","23/05/2025","23/05/2025","23/05/2025","23/05/2025","23/05/2025","","23/05/2025","23/05/2025","23/05/2025","17/05/2025","17/05/2025","27/04/2024","27/04/2024","4","17/05/2025","17/05/2025","17/05/2025","17/05/2025","17/05/2025","17/05/2025","17/05/2025","17/05/2025","17/05/2025","17/05/2025","17/05/2025","4","17/05/2025","17/05/2025","12/05/2025","12/05/2025","12/05/2025","12/05/2025","12/05/2025","12/05/2025","12/05/2025","12/05/2025","11/05/2025","11/05/2025","11/05/2025","11/05/2025","10/05/2025","10/05/2025","10/05/2025","10/05/2025","10/05/2025","10/05/2025","10/05/2025","10/05/2025","10/05/2025","10/05/2025","10/05/2025","10/05/2025","10/05/2025","10/05/2025","10/05/2025","10/05/2025","10/05/2025","10/05/2025","6","6","6","6","6","6","6","6","6","6","24/04/2025","24/04/2025","9","9","26/03/2025","13/11/2024","13/11/2024","26/09/2024","28/04/2025","28/04/2025","28/04/2025","28/04/2025","28/04/2025","28/04/2025","28/04/2025","28/04/2025","27/04/2025","27/04/2025","27/04/2025","27/04/2025","27/04/2025","27/04/2025","27/04/2025","27/04/2025","27/04/2025","27/04/2025","26/04/2025","26/04/2025","26/04/2025","26/04/2025","26/04/2025","26/04/2025","26/04/2025","26/04/2025","26/04/2025","26/04/2025","26/04/2025","26/04/2025","26/04/2025","26/04/2025","24/04/2025","24/04/2025","24/04/2025","24/04/2025","24/04/2025","24/04/2025","24/04/2025","24/04/2025","24/04/2025","24/04/2025","24/04/2025","24/04/2025","9","9","5","5","26/09/2024","4","29/05/2024","4","4","4","3","3","3","3","3","","23/11/2024","23/11/2024","23/11/2024","23/11/2024","23/11/2024","23/11/2024","23/11/2024","23/11/2024","23/11/2024","9","9","9","9","9","9","2","2","2","2","1","1","1","1","1","1","1","1","1","1","1","1","1","1","1","1","1","26/10/2024","26/10/2024","29/10/2024","29/10/2024","26/10/2024","26/10/2024","5","5","29/05/2024","29/10/2024","29/10/2024","29/10/2024","29/10/2024","26/10/2024","26/10/2024","26/10/2024","26/10/2024","26/10/2024","26/10/2024","5","5","5","5","5","5","26/09/2024","26/09/2024","26/09/2024","26/09/2024","26/09/2024","26/09/2024","26/09/2024","26/09/2024","26/09/2024","26/09/2024","26/09/2024","26/09/2024","25/09/2024","25/09/2024","25/09/2024","25/09/2024","24/09/2024","24/09/2024","25/09/2024","25/09/2024","25/09/2024","24/09/2024","14/09/2024","14/09/2024","14/09/2024","14/09/2024","14/09/2024","13/04/2024","14/09/2024","14/09/2024","14/09/2024","14/09/2024","14/09/2024","14/09/2024","14/09/2024","14/09/2024","14/09/2024","14/09/2024","14/09/2024","11/09/2024","11/09/2024","11/09/2024","11/09/2024","11/09/2024","11/09/2024","11/09/2024","11/09/2024","15/05/2024","27/08/2024","20/08/2024","30/08/2024","27/08/2024","20/08/2024","20/08/2024","15/08/2024","30/08/2024","30/08/2024","2","13/08/2024","4","4","4","4","4","4","4","4","2","27/04/2024","18/06/2024","18/06/2024","27/04/2024","13/04/2024","13/04/2024","2","2","2","","2","2","19/04/2024","17/04/2024","27/04/2024","27/04/2024","27/04/2024","27/04/2024","27/04/2024","27/04/2024","27/04/2024","27/04/2024","27/04/2024","27/04/2024","27/04/2024","27/04/2024","27/04/2024","27/04/2024","24/04/2024","24/04/2024","10/04/2024","19/04/2024","17/04/2024","17/04/2024","16/04/2024","16/04/2024","16/04/2024","30/08/2024","17/04/2024","17/04/2024","16/04/2024","16/04/2024","16/04/2024","16/04/2024","17/04/2024","16/04/2024","16/04/2024","16/04/2024","13/04/2024","13/04/2024","13/04/2024","13/04/2024","13/04/2024","13/04/2024","13/04/2024","13/04/2024","10/04/2024","12/03/2024"
"Name of Surveyor","-16.90599","-16.83764","-16.84033","-16.83733","-16.83783","-16.83747","-16.84040","-16.83745","-16.84024","-16.83772","-16.84032","-16.84034","-16.84033","-16.84031","-24.19133","-24.19134","-24.19133","-19.21138","-19.21142","-19.21135","-19.21487","-19.21485","-19.21260","-24.19809","-16.78365","-16.78396",NA,NA,"-16.80849","-16.79913",NA,"-16.80847","-21.26818","-21.26817","-21.26820","-21.26818","-21.26826","-21.07933","-21.13707","-21.13708","-21.13708","-19.21480","-19.21480","-19.21481","-19.21480","-19.21476","-19.21485","-19.15428","-19.15427","-19.15429","-19.15429",NA,"-19.15428","-19.15429",NA,"-19.15427","-19.15428","-19.15426","-19.15428","-21.04912","-21.03808","-21.04912","-21.04907","-21.04908","-21.04908","-21.04873","-21.05003","-21.04851","-21.04885","-21.04867","-21.05010","-16.89540","-16.88354","-16.89541","-16.88327","-16.83753","-16.89536","-16.89564","-16.89533",NA,"-16.89534","-16.89566","-16.88355",NA,"-16.88354","-16.88356","-16.88355","-16.84044","-16.88355","-16.88355","-19.26929","-19.26931",NA,"-19.26927","-19.26942","-19.26933","-19.26928",NA,"-19.15387","-19.15386","-19.15389","-19.15382","-19.29291","-19.29290","-19.29292",NA,"-19.29302","-19.29295","-19.29300","-19.29293","-19.29292","-19.29414","-19.29404","-19.29406","-19.29408","-19.29425","-19.29416","-19.29405","-19.29450","-19.29404","-21.07932","-21.07931","-21.07932","-21.07930","-21.07566","-21.07566","-21.07565","-21.07651","-21.07568","-21.07567","-19.29347","-19.29164","-21.18361","-21.16723","-21.38200","-21.38207","-21.37773","-21.26853","-19.15521","-19.15518","-19.15516","-19.15515","-19.15523","-19.15517","-19.15516","-19.15512",NA,"-19.25334",NA,"-19.25333","-19.25334","-19.25351",NA,NA,"-19.21489","-19.25334","-19.26904","-19.26926",NA,"-19.26903","-19.26906","-19.26906","-19.26906",NA,"-19.26903",NA,"-19.26906","-19.26908","-19.26903","-19.26904","-19.29407","-19.29404","-19.29403","-19.29405","-19.29401","-19.29407","-19.29405","-19.29410","-19.29405","-19.29400","-19.29403","-19.29406","-21.18364","-21.17949","-19.27229","-19.27368","-21.13758","-37.79518","-19.20895","-37.79516","-37.79512","-37.79514","-16.92908","-16.92890",NA,"-16.93058","-16.93056",NA,"-21.04067","-21.04902","-21.04819","-21.04898","-21.04881","-21.04911","-21.04894","-21.04970","-21.04988","-21.07805","-21.07951","-21.07958","-21.07798","-21.07889","-21.07811","-19.29334","-19.29326","-19.29224","-19.29222","-19.28563","-19.28562","-19.29346","-19.28564","-19.28562","-19.29287","-19.29290","-19.28554","-19.28570",NA,"-19.28752","-19.28558",NA,"-19.29285","-19.29481","-19.29291","-19.29470","-19.21490","-19.21490","-21.18241","-21.17928","-19.21139","-19.21326","-19.27225","-19.27366","-19.20730","-21.18239","-21.17957","-21.18244","-21.17935","-19.21146","-19.21311","-19.21144","-19.21331","-19.21140","-19.21329","-19.27231",NA,"-19.27229",NA,"-19.27364","-19.27369","-24.72077","-24.71255","-24.71256","-24.72108","-24.72111","-21.26868",NA,"-21.13756","-21.13757","-21.13681","-21.14188","-21.13760","-24.94780","-24.94782","-24.95444","-24.95442","-24.69601","-24.72697","-24.94790","-24.93578","-24.95422","-24.69674","-16.78365","-16.78359","-16.78367","-16.78361","-16.78364","-16.85469","-16.78401","-16.80848","-16.80846","-16.80778","-16.80847","-16.80844","-16.80846","-16.80846","-16.80827","-16.80844","-16.80839",NA,NA,"-35.01658","-35.01820","-35.01668","-35.01710","-35.01661","-35.01660",NA,NA,NA,"-24.80109","-24.76836","-24.91920",NA,"-24.67588","-24.76759","-24.80107","-21.26856","-16.81205",NA,"-21.07775","-21.07751","-21.07778",NA,"-21.07325","-21.07861","-21.07929","-21.26833","-16.88325","-16.92900","-16.93064","-16.89543","-16.86041","-16.86006","-21.26824",NA,"-21.26849","-21.26826","-21.26841","-21.26836","-24.91845","-24.80951",NA,NA,"-16.88330","-16.88336","-16.88328","-16.88316","-16.88329","-16.90007","-16.88323","-16.89546","-16.89545","-16.89542","-16.89541","-16.89543","-19.15639","-19.15659","-19.16510","-24.91858",NA,NA,NA,NA,NA,"-24.76757","-24.81023","-24.80159","-24.67051","-24.67025","-24.66873","-24.67420","-24.81021","-24.67063","-24.67053","-24.66814","-16.86054","-16.86129","-16.86047","-16.86052","-16.86052","-16.86150","-16.86132","-16.86247","-19.16509","-19.20746"
"Lat","145.7283","145.7265","145.7281","145.7265","145.7265","145.7266","145.7279","145.7266","145.7280","145.7264","145.7281","145.7281","145.7280","145.7280","151.8901","151.8901","151.8901","146.6862","146.6862","146.6863","146.6838","146.6838","146.6887","151.8874","145.6931","145.6930",NA,NA,"145.7139","145.6938",NA,"145.7139","149.1872","149.1872","149.1872","149.1872","149.1874","149.1826","149.1676","149.1677","149.1676","146.6842","146.6841","146.6842","146.6842","146.6842","146.6841","146.5961","146.5961","146.5962","146.5962",NA,"146.5961","146.5961",NA,"146.5962","146.5961","146.5962","146.5961","149.1730","149.1639","149.1731","149.1730","149.1729","149.1730","149.1745","149.1754","149.1746","149.1744","149.1745","149.1745","145.7560","145.7611","145.7559","145.7611","145.7265","145.7560","145.7560","145.7560",NA,"145.7560","145.7557","145.7611",NA,"145.7611","145.7611","145.7611","145.7279","145.7611","145.7611","146.8243","146.8243",NA,"146.8243","146.8239","146.8242","146.8242",NA,"146.5964","146.5964","146.5964","146.5964","146.8238","146.8237","146.8237",NA,"146.8237","146.8238","146.8238","146.8237","146.8237","146.8186","146.8187","146.8187","146.8187","146.8184","146.8186","146.8187","146.8188","146.8187","149.1826","149.1826","149.1827","149.1826","149.1912","149.1913","149.1912","149.1916","149.1913","149.1912","146.8226","146.8185","149.1888","149.1722","149.3130","149.3122","149.3087","149.1864","146.5957","146.5957","146.5957","146.5957","146.5962","146.5957","146.5957","146.5957",NA,"146.7001",NA,"146.7002","146.7002","146.7001",NA,NA,"146.6841","146.7002","146.8241","146.8242",NA,"146.8241","146.8241","146.8241","146.8241",NA,"146.8241",NA,"146.8241","146.8241","146.8241","146.8241","146.8188","146.8187","146.8188","146.8187","146.8187","146.8187","146.8187","146.8188","146.8188","146.8187","146.8187","146.8188","149.1888","149.1850","146.8250","146.8195","149.1681","144.9156","146.7733","144.9155","144.9156","144.9155","145.7878","145.7877",NA,"145.7880","145.7880",NA,"149.1675","149.1729","149.1742","149.1729","149.1742","149.1749","149.1729","149.1748","149.1748","149.1821","149.1824","149.1824","149.1821","149.1824","149.1820","146.8236","146.8236","146.8190","146.8191","146.8404","146.8406","146.8401","146.8405","146.8405","146.8402","146.8401","146.8404","146.8404",NA,"146.8385","146.8405",NA,"146.8401","146.8395","146.8401","146.8396","146.6841","146.6841","149.1887","149.1867","146.6880","146.6874","146.8249","146.8196","146.7730","149.1887","149.1858","149.1887","149.1845","146.6880","146.6872","146.6880","146.6874","146.6880","146.6873","146.8249",NA,"146.8249",NA,"146.8196","146.8195","152.1441","152.1542","152.1542","152.1447","152.1447","149.1863",NA,"149.1681","149.1681","149.1676","149.1696","149.1681","152.4600","152.4600","152.4624","152.4625","152.1791","152.1473","152.4602","152.4726","152.4625","152.1797","145.6928","145.6928","145.6928","145.6928","145.6928","145.7313","145.6930","145.7137","145.7137","145.7123","145.7137","145.7137","145.7137","145.7137","145.7136","145.7137","145.7137",NA,NA,"150.6661","150.6740","150.6660","150.6660","150.6661","150.6661",NA,NA,NA,"152.3835","152.4006","152.4824",NA,"152.1989","152.4003","152.3836","149.1862","145.7069",NA,"149.2111","149.2107","149.2111",NA,"149.2013","149.2111","149.2109","149.1862","145.7611","145.7878","145.7880","145.7559","145.7347","145.7340","149.1865",NA,"149.1862","149.1861","149.1862","149.1862","152.4839","152.3828",NA,NA,"145.7611","145.7611","145.7611","145.7611","145.7611","145.7594","145.7611","145.7559","145.7559","145.7559","145.7559","145.7559","146.8103","146.8103","146.8174","152.4836",NA,NA,NA,NA,NA,"152.4003","152.3834","152.3836","152.2009","152.2007","152.2005","152.1999","152.3834","152.2009","152.2007","152.2009","145.7341","145.7307","145.7341","145.7341","145.7341","145.7313","145.7306","145.7347","146.8174","146.7735"
"Long","Wet Tropics","Wet Tropics","Wet Tropics","Wet tropics","Wet tropics","Wet Tropics","Wet Tropics","Wet tropics","Wet tropics","Wet Tropics","Wet Tropics","Wet tropics","Wet Tropics","Wet Tropics","BMRG","BMRG","BMRG","NQ dry tropics","NQ Dry Tropics","NQDT","NQ Dry Tropics","NQ dry tropics","NQDT","BMRG","WetTropics","Wet Tropics","Nrm wet tropics","Wet Tropics","Wet Tropics","Wet Tropics","WetTropics","Wet Tropics","Reef Catchments","Reef catchments","Reef Catchments","Reef Catchments","Reef Catchments","Mackay catchments","Reef Catchments","Reef Catchments","Reef catchment","NQ dry tropics","NQ dry tropics","NQ dry tropics","Nq dry tropics","Nq dry tropics","NQ dry tropics","NQ Dry Tropics","NQ Dry Tropics","NQ dry tropics","NQ dry tropics","NQ Dry Tropics","NQ Dry Tropics","","NQ Dry Tropics","NQ Dry Tropics","NQ dry tropics","NQ Dry Tropics","NQ Dry Tropics","Reef Catchments","Reef catchments","Reef Cashments","Reef Catchments","Reef catchments","Reef Catchments","Reef catchment","Reef Catchments","Reef catchment","Reef Catchments","Reef Catchments","Reef Catchments","Wet tropics","Wet Tropics","Wet tropics","Wet tropics","Wet tropics","Wet tropics","Wet Tropics NRM","Wet Tropics","Wet Tropics","Wet tropics","Wet Tropics","Wet tropics","Wet Tropics","Wet Tropics","Wet Tropics","Wet tropics","Wet tropics","Wet Tropics","Wet tropics","NQ Dry Tropics","NQ Dry Tropics","NQ dry tropics","NQ Dry Tropics","NQ Dry Tropics","NQ Dry Tropics","NQDry Tropics","NQ dry tropics","NQ Dry Tropics","NQ Wild tropics","NQ Dry Tropics","NQ Wild tropics","NQ Dry Tropics","NQ Dry Tropics","NQ dry tropics","NQdry tropic","NQ Dry Tropics","NQ dry tropics","NQ DryTropics","NQ dry tropics","NQ dry tropics","NQ Dry Tropics","NQ dry tropics","NQ dry tropic","NQ Dry Tropics","NQ Dry Tropics","NQ Dry Topics","NQ dry tropics","NQ Dry Tropics","NQ dry tropics","Reef Catchment","Reef Catchments","Reef catchments","Reef cashment","Reef cacthment","Reef Catchments","Reef Catchments","Reef Catchments","Reef Catchment","Reef Catchments","NQ Dry Tropics","NQ Dry Tropics","Mackay","Mackay","Sarina","Sarina","Sarina","Dunrock","NQ dry tropics","NQ Dry Tropics","NQ Dry Tropics","QLD dry tropics","NQ dry tropics","NQ Dry Tropics","NQ Dry Tropics","NQ Dry Tropics","NQ Dry Tropics","Nq dry tropics","NQ Dry Tropics","NQ Dry Tropics","NQ Dry Tropics","NQ Dry Tropics","NQ Dry Tropics","NQ Dry Tropics","Nq dry tropic","NQ Dry Tropics","NQ Dry Tropics","NQ Dry Tropics","","NQ Dry Tropics","NQ Dry Tropics","Nq dry tropics","NQ Dry Tropics","Nq dry tropics","NQ Dry tropics","","NQ Dry Tropics","NQ Dry Tropics","NQ Dry Tropics","NQ Dry Tropics","NQ Dry Tropics","NQ Dry Tropics","NQ drytropics","NQ Dry Tropics","NQ Dry Tropics","NQ Dry Tropics","NQ Dry Tropics","NQ dry tropics","NQ Dry Tropics","NQ Dry Tropics","NQ Dry Tropics","NQ Dry Tropics","Reef Catchments","Mackay","NQ Dry Tropics","N Q Dry Tropics","Reef Catchments","Melbourne","Dry tropics","Melbourne","Melbourne","Melbourne","Wet Tropics","Wet tropics","Wettropics","Wet Tropics","Wet tropics","Wet tropics","Mackay","Mackay","Mackay","Mackay","Mackay","Mackay","Mackay","Mackay","Mackay","Mackay","Mackay","Mackay","Mackay","Mackay","Mackay","Burdekin NRM","NQDT","NQDT","NQ Dry Tropics","Dry Tropics","Dry tropic","Dry tropics","","Dry Tropics","","Dry Tropics","NQDT","NQ Dry Tropics","Dry Tropics","NQ Dry Tropics","Dry tropics","Dry tropics","Dry Tropics","NQ Dry Tropics","Dry tropics","NQDT","NQ Dry Tropics","NQ Dry Tropics","Mackay","Mackay","NQDT","NQDT","NQ Dry Tropics","NQ Dry Tropics","Dry tropics","Mackay","Mackay","Mackay","Mackay","NQ dry tropics","NQ dry tropics","NQ dry tropics","NQ dry tropics","NQ Dry Tropics","NQ dry tropics","NQ Dry Tropics","NQ Drive tropics","NQ dry tropics","NQ Drive Tropics","NQ Dry Tropics","NQ dry tropics","BMRG","","BMRG","BMRG","Moore park saltmarsh","Dun rock","Reef catchments","Pioneer River","Pioneer River","Reef catchments","Pioneer river","Reef Catchments","BMRG","Shark nest","Shark nest","BMRG","BMRG","BMRG","BMRG","BMRG","BMRG","","Wet tropics","Wet Tropics","Wet Tropics","Wet tropics","Wtma","Wet tropics","Wet tropics","Wet Tropics","Wet Tropics","Wet Tropics","Wet Tropics","Wet tropics","Wet tropics","Wet Tropics","Wet tropics","Wettropics","Wet tropics","Southeast NSW","South east nsw","South East NSW","South east nsw","South East NSW","South East NSW","South east New South Wales","South east NSW","Bundaberg","BMRG","BMRG","BMRG","BMRG","BMRG","BMRG","BMRG","BMRG","BMRG","Reef Catchments","Wet tropics","Mackay","","Mackay","Mackay","Mackay","Mackay","Mackay","Mackay regoon","Healthy rivers to reef","Wet tropics","Wet tropics","Wet tropics","Wet tropics","Wet tropics","Wet Tropics","Reef Catchment","Reef Catchments","Mackay","","Dunnrock Site 1","DunRock site 1","BMRG","BMRG","Cairns","Wet tropics","Wet Tropics","Wet Tropics","Wet Tropics","Wet tropics","Wet Tropics","Wet Tropics","Wet tropics","Wet Tropics","Wet Tropics","Wet Tropics","Wet tropics","Wet tropics","Dry Tropics","Dry tropics","Dry tropics region","Burnett Mary Region","BRG","BMRG","Burnett Mary Region","BMRG","BMRG","Burnett Mary","BMRG","BMRG","Burnett Mary Region","Burnett Mary Region","BMRG","BMRG","BMRG","BMRG","BMRG","BMRG","Wet Tropics","Wet tropics","Wet Tropics","Wet tropics","Wet tropics","Wet Tropics","Wet Tropics","Wet tropics","Dry Tropics","Dry tropic region"
"NRM Region","Gabby","Helen Carmiggelt","Helen Carmiggelt","Rob w","Lauren Swann","Emma","Emma","Sarah sims","Sarah sims","Oceane Dupont","Gabby","Rob","Oceane Dupont","Lauren Swann","Tamara Holland","Julie Ross","Alan Tattersall","Ruby","Owen","Lucia","Owen","Ruby","Lucia","Alan Tattersall","RuthZee","Lauren Swann","Rob","Linda","Gabby Howell","Helen Carmiggelt","Ruth zee","Lauren Swann","Noela Guscott","Natasha Jurgens","David Bowen","Soana Cameron","Dean Cameron","Dean Cameron","David Bowen","Soana Cameron","Joan Hintz","Sasha","Sasha","Izzy","Eleanor Barker","Eleanor Barker","Izzy","Rhea Arya","Rhea Arya","Sasha","Sasha","Sophie","Julian","Michael","Sophie","Sufia","Michael","Julian","Sufia","Soana Cameron","Fran Balmer","Mikala Caine","Jaime Newborn","Norm Feeney","Stacey Caine","Norm Feeney","Mikala Caine","Fran Balmer","Soana Cameron","Jaime Newborn","Stacey Caine","Shannon Bredeson","Shannon Bredeson","Mikey kudo","Mikey kudo","Mikey","Mikey kudo","Kerry Trapnell","Gabby","Duarte","Alicia Vowles","Penny Buckwell","Kerry Trapnell","Duarte","Gabby","Kinga Albrecht","Mikey kudo","Mikey","Penny Buckwell","Alicia Vowles","Amanda Morris","Sophie","Amber","Rhea Arya","Amanda Morris","Sophie","Rhea Arya","Amber","Sharmaine Patricia Lee","Joel Ng","Sharmaine Patricia Lee","Joel Ng","Mei Akiba","Sharmaine Patricia Lee","Madhumita Kabade","NutMunpholsri","Julian Flemming","Michael","Sufia Anwar","Wy Anurakkrisana","Joel Ng","Mei Akiba","Madhumita Kabade","Nut Munpholsri","Sharmaine Patricia Lee","Michael","Julian Flemming","Joel Ng","Sufia Anwar","Wy Anurakkrisana","Soana","Noela Guscott","Tim Hintz","Joan Hintz","Tim Hintz","Joan Hintz","Noela Guscott","Amy Magri","Soana","Dean Cameron","Sharon Marks","Sharon Marks","Joshua Erixon","Joshua Erixon","Joshua Erixon","Joshua Erixon","Joshua Erixon","Joshua Erixon","Samikcha","Owen","Lucia","Ricky Huang","Ricky Huang","Samikcha","Lucia","Owen","Sophie","Megan watson","Michele Monaghan","Rhea Arya","Juliane Mateo","Juliane Mateo","Michele Monaghan","Sophie","Megan watson","Rhea Arya","Beth Ballment","Beth Ballment","Malcolm Tattersall","Lucia","Owen","Amanda","Luna Prince","Amanda","Josie Danckaert","Malcolm Tattersall","Luna Prince","Owen","Josie Danckaert","Lucia","Josie Danckaert","Lucia","Delaney Cole","Anshi S","Rhea Arya","Owen","Lucia","Delaney cole","Josie Danckaert","Rhea Arya","Anshi S","Owen","Jock M","Jock Mackenzie","Owen","Owen","Donna Jackson","Lucan","Lucan","Soana","Rhea Arya","Lucia","Bronwyn","Shannon","Vincent","Bronwyn","Shannon","Vincent mundraby","Stacey Caine","Tyreeq","Tyreeq","Neli Cameron","Neli Cameron","Dean Cameron","Jed Muscat","Angelina","Jed Muscat","Zelda Quakawoot","Dean Cameron","Tiffany Weber","Matthew Piper","Amanda Simpkins","Larren Weber","AdrianaUzqueda","Rhea Arya","Rhea Arya","Adriana Uzqueda","Rachelle Brown","Tash","Tash","Tye-Q Akee","Oscar","Tye-Q Akee","Oscar","Rhea Arya","Naomi Gardiner","Diane Andrews","Luke Lythgoe","Alicia Wilson","Diane Andrews","Rachelle Brown","Luke Lythgoe","Alicia Wilson","Rhea Arya","Luke Lythgoe","Luke Lythgoe","Cinzia Cattaneo","Cinzia Cattaneo","Rhea Arya","Rhea Arya","Rhea Arya","Rhea Arya","Rhea","Soana","Soana Cameron","Nadiya","Nadiya","NatashaSymes","NatashaSymes","David","David","Joane Saraswati (Tessa)","Joane Saraswati (Tessa)","Lucia","Aleena Norbert","Sarah Ghobish","Aleena Norbert","Lucia","Sarah Ghobish","Kassi","Roaul (wombat)","Finn","Finn","Roaul (wombat)","Bayou Diamond","Mitchell McPhail","Selwyn Mooney","Joshua Erixon","Morgan Thomas","Bayou Diamond","Mitchell McPhail","Finn","Roaul (wombat)","Salt mash Survey","Finn","Finn","Finn","Kassi","Kassi","Kassi","Kassi","Zef Aster","Kazuki Kagohashi","Saori Kagohashi","Shannon Bredeson","Rob williams","Joanna Richards","Joanna richards","Zef Aster","Kazuki Kagohashi","Saori Kagohashi","Gabby Howell","Tanelle","Shannon Bredeson","Lauren Swann","Annette Bush","Rob williams","Joanna richards","Mietta Symmons","Katie","Elizabeth Peabody","Zach Li","Imogen Ward","Scott","Nargis Rezaie","Hayden Louttit","James","James saylor","Rehmond","Finn","Finn","Finn Bryant","Kelvin","Rehmond Baira","Owen","Owen","Jock M","Shannon bredeson","Soana","Emilio","Alison Friswell","Julie Ross","Jenny White","Dean Cameron","Sue Bowen","John","Soana Cameron","Shannon","Shannon Bredeson","Shannon Bredeson","Shannon Bredeson","Shannon Bredeson","Shannon Bredeson","Layla Essack","Hannah P","Darcy Wynn","Fynn and Rylee","Sam Mulot","Maya and Yuna","Jock Mackenzie","Jock Mackenzie","Rob","Rob","Lisa Kilpatrick","Lauren Swann","Cat","Joshua Warren","Jasmine","Jasmine Di Valentine","Kate Douglass","Cat","Jacko","Lauren Swann","Joshua Warren","Kate douglass","Cate Paton","Peter Hansen","Peter Hansen","Hanna Shrubshall","Roaul","Monty","Kelvin Rowe","Monty & Darren","Mitch","Jahmin Blackman","Mitch Allen","Mitch Allen","Jasmine Pippen","Finn Bryant","Matthias","David Mark Eade","James Saylor","James Saylor","James Saylor","James Saylor","Katie Tracey","Katie Tracey","Lauren Swann","Joshua Warren","Kate douglass","Joshua Warren","Lauren Swann","Kate Douglass","Cate Paton & Cherie Mara","Denise Edwards"
"Saltmarsh Knowledge","2","2","2","3","4","1","1","4","4","2","3","3","2","4","1","4","4","3","4","4","4","3","4","3","3","3","4","1","3","2","3","3","3","3","3","4","3","3","3","4","3","3","3","1","3","3","1","3","3","3","3","3","2","3","3","2","3","2","3","4","3","2","2","3","2","3","2","3","4","2","2","4","4","4","4","4","4","3","2","3","2","4","3","3","2","1","4","4","4","1","1","3","1","3","1","3","3","1","2","1","2","3","2","2","3","2","2","2","2","2","3","2","3","2","2","1","1","3","2","3","4","2","2","3","1","3","2","3","2","3","3","3","3","3","3","3","3","2","2","4","4","3","3","2","4","3","2","1","1","3","3","2","1","2","1","3","3","3","3","4","3","3","2","1","3","3","2","3","3","4","3","4","2","3","3","3","4","2","3","3","3","3","5","5","3","3","2","3","1","3","3","4","1","3","2","1","3","1","1","3","3","3","1","3","1","1","1","3","3","1","3","3","1","3","3","3","3","3","3","3","1","3","1","3","3","2","2","2","3","2","3","2","3","3","2","2","2","2","2","3","2","2","1","3","4","3","3","3","3","2","2","1","1","4","1","1","1","4","1","2","2","4","4","2","2","3","2","1","3","1","1","4","2","2","4","4","4","2","2","2","2","1","2","1","4","3","1","2","1","1","1","1","2","4","3","4","3","2","2","2","3","2","3","5","2","2","3","4","4","4","4","4","3","3","3","3","5","4","2","2","3","3","1","3","3","2","2","4","4","4","4","4","4","2","2","3","2","2","2","5","5","4","4","4","3","3","3","1","1","3","2","3","3","3","3","2","3","3","4","3","3","2","3","2","2","3","3","2","3","3","2","2","4","3","3","2","2","3","3","3","3","3","3","2","1"
"Local Knowledge","3","3","3","4","3","1","1","4","4","1","2","5","1","3","3","4","3","3","1","2","4","1","2","3","3","1","3","1","3","2","3","4","3","1","1","3","3","3","1","4","1","1","1","1","1","1","1","1","1","1","1","1","2","1","1","1","1","1","1","3","3","2","5","3","1","3","2","3","3","5","1","3","3","4","4","3","3","1","1","1","1","3","3","3","2","1","4","3","4","2","1","1","1","3","1","1","3","1","2","1","2","1","1","2","3","1","1","1","1","2","1","1","3","1","2","1","1","1","1","2","4","2","2","1","1","1","2","2","4","3","5","4","3","3","4","2","2","1","2","4","3","3","2","1","3","4","1","1","1","3","1","1","1","1","1","3","1","3","2","3","2","3","2","2","1","4","2","2","1","3","1","3","2","2","3","3","3","1","1","3","2","2","3","4","3","1","3","1","1","1","1","3","1","3","1","1","3","5","2","3","3","3","2","3","1","3","1","3","3","1","2","1","1","1","1","1","1","2","1","1","1","3","1","3","1","2","1","1","2","1","1","1","2","1","1","1","1","1","1","1","1","1","1","3","2","3","3","1","1","1","1","1","1","2","1","1","1","2","1","1","2","3","3","2","3","3","5","2","2","5","3","3","2","2","3","2","2","1","1","1","1","1","1","1","1","1","2","2","1","1","1","1","2","3","1","2","3","2","1","1","3","2","1","4","2","1","3","1","4","5","3","4","3","5","3","1","2","2","1","2","3","1","1","1","1","1","1","4","3","3","3","3","3","1","1","3","1","1","1","3","3","4","3","4","1","3","3","2","1","3","2","3","1","2","2","1","3","1","1","1","3","3","4","2","1","1","1","1","2","2","2","1","1","1","1","2","1","1","3","3","3","1","3","1","1"
"Fish Habitat Accessibility","4","5","4","1","5","4","4","5","4","5","5","1","4","4","0","4","2","2","2","2","2","2","2","4","4","2","2","4","5","4","4","4","3","3","3","3","3","2","4","5","4","4","4","3","5","5","3","3","3","3","3","3","2","2","3","3","2","4","2","4","4","4","3","2","2","2","2","3","3","3","2","4","4","4","4","4","4","0","0","0","4","4","4","4","1","4","4","4","4","4","5","2","2","5","4","5","4","2","3","5","5","4","4","3","0","5","2","2","2","4","4","2","4","3","2","2","2","4","2","4","2","2","2","3","3","3","3","3","3","4","4","4","2","4","2","2","4","4","3","3","3","3","2","2","2","2","2","4","2","4","4","4","4","4","4","4","5","5","5","5","5","5","5","5","4","3","5","5","5","5","5","5","5","5","5","5","5","5","3","5","5","5","2","3","2","0","4","0","5","0","1","0","0","0","0","0","0","0","2","0","2","5","2","3","2","2","2","2","4","4","2","2","2","5","5","5","5","1","2","2","4","1","2","1","2","4","2","4","2","0","1","4","2","2","2","3","4","4","4","4","2","0","5","4","3","4","2","4","2","4","4","4","2","5","5","2","4","2","0","5","0","0","0","0","2","0","5","4","4","5","2","1","0","0","2","3","1","5","0","5","3","4","0","0","2","2","4","1","5","4","3","3","5","3","2","3","4","2","2","2","2","3","4","4","2","4","0","0","0","4","0","1","3","4","5","4","4","4","3","2","4","2","2","3","2","3","4","5","2","4","5","3","5","3","3","3","2","3","3","2","5","4","","5","5","0","3","3","3","5","4","3","4","3","2","4","3","4","4","3","4","4","4","4","4","3","2","4","1","0","4","0","0","2","0","5","4","5","1","4","4","4","4","3","3"
"Fish Habitat Proximity","3","1","2","0","3","2","1","2","1","1","4","1","1","2","1","1","1","0","1","1","1","1","1","2","3","0","1","1","0","1","1","1","4","4","5","5","5","2","4","4","4","1","1","1","4","4","1","2","2","3","2","2","2","2","2","2","1","2","2","4","5","3","3","5","4","3","3","3","3","3","3","1","2","2","2","3","2","0","0","1","1","1","2","2","0","2","2","3","1","1","2","2","2","2","1","2","1","2","3","3","3","3","5","4","2","3","1","2","1","1","1","3","2","2","5","2","0","1","1","1","2","2","2","2","2","2","2","2","2","4","1","1","2","3","2","0","2","2","1","1","1","1","1","1","1","1","1","5","5","1","3","1","1","1","1","1","2","2","2","2","2","2","3","2","2","2","2","2","2","2","4","2","2","2","2","2","2","2","2","2","2","2","3","2","2","3","2","0","1","0","1","0","0","1","0","0","0","1","2","0","3","3","2","4","3","2","5","2","3","1","2","2","1","1","1","1","1","2","2","3","2","1","3","0","2","1","2","3","1","3","0","3","2","2","2","2","2","2","1","2","2","3","3","1","2","3","4","1","2","1","1","1","1","2","3","2","2","2","3","2","0","2","0","0","3","2","4","2","4","4","4","1","0","0","1","3","1","2","0","3","2","1","1","1","0","1","1","2","3","3","3","3","3","1","2","1","3","1","3","3","3","3","2","2","3","2","2","1","3","3","0","0","4","4","2","3","3","1","5","2","3","2","2","3","3","3","1","2","1","1","1","2","2","1","1","1","3","1","1","4","3","2","2","2","3","0","2","0","2","2","0","1","3","2","2","2","0","2","3","2","2","1","2","3","0","2","1","2","1","0","2","0","1","1","0","4","2","3","0","","2","1","","2","4"
"Crabs/Snail","4","2","2","2","2","2","2","5","5","2","2","2","3","3","3","3","2","2","4","2","4","4","4","2","3","2","2","2","3","3","2","2","4","5","4","4","4","4","4","4","3","4","2","4","4","4","4","3","5","3","4","3","4","3","5","4","5","5","2","5","5","4","4","4","4","4","4","4","5","3","4","3","3","3","4","2","5","4","3","2","3","5","3","3","5","3","4","2","5","5","3","5","2","5","2","2","3","2","5","4","4","4","4","3","2","3","3","5","3","2","4","4","3","4","4","4","3","4","3","4","3","3","3","3","3","4","4","4","5","4","2","2","3","4","2","1","4","2","3","4","4","3","4","4","4","4","3","2","2","3","4","2","3","3","3","3","4","4","3","5","3","3","5","4","5","4","4","4","5","4","3","3","3","3","3","3","2","2","2","2","2","2","3","2","5","2","4","0","2","2","2","0","2","3","3","3","3","2","3","5","5","5","4","5","2","5","3","4","5","4","2","3","3","3","3","2","2","1","2","3","2","2","2","2","2","2","2","2","2","3","2","3","3","3","3","3","2","3","2","2","5","2","3","3","5","3","3","2","3","2","2","2","2","3","5","5","1","2","2","2","2","4","2","0","2","3","2","3","2","3","2","5","0","0","5","5","5","2","1","5","2","3","2","2","2","3","2","3","3","2","3","5","4","5","2","4","3","3","3","3","3","3","3","3","3","3","3","2","3","3","3","5","3","4","5","5","4","5","3","3","3","4","4","3","3","4","5","3","3","5","3","2","2","5","5","2","4","3","4","4","5","3","3","4","4","3","4","4","3","3","3","4","2","2","2","3","4","3","2","2","3","5","1","4","1","4","5","5","2","2","3","2","2","","2","3","3","2","1","2","2","4","","4","5"
"Salt Couch","1","1","1","0","1","2","1","1","1","3","1","1","2","2","3","1","2","1","1","1","2","2","2","3","0","0","3","3","3","3","3","3","1","1","1","1","2","5","4","4","4","2","2","3","2","1","2","3","2","3","4","3","2","3","3","3","3","2","4","1","1","1","2","1","2","2","1","2","2","1","2","0","0","0","0","1","0","0","0","0","0","0","0","1","1","0","0","1","0","0","2","1","0","1","3","4","3","4","3","1","3","2","3","4","4","2","3","2","4","3","3","3","4","2","4","2","2","2","4","3","5","4","5","5","2","2","2","3","1","3","2","1","4","1","3","3","1","1","2","2","2","2","2","2","2","2","3","1","1","2","4","4","2","2","2","2","3","3","3","3","4","3","3","3","2","3","3","3","4","3","3","3","3","3","3","3","2","2","2","2","2","2","5","2","1","4","5","3","1","1","2","2","4","3","4","2","1","1","2","3","3","3","2","2","3","2","3","4","4","4","4","4","3","1","1","2","2","1","2","1","2","2","4","2","4","3","2","2","2","1","2","2","4","3","2","3","5","3","2","2","1","4","3","4","3","4","4","2","4","2","2","2","3","1","4","2","2","3","5","5","1","5","4","0","3","2","5","4","4","4","5","5","0","0","3","4","5","4","4","4","4","0","0","0","1","1","4","1","2","3","3","4","4","4","4","2","3","3","1","1","1","2","1","1","1","1","3","4","4","2","4","3","2","4","5","1","2","3","4","3","4","4","4","4","4","4","3","0","3","2","0","5","2","1","1","2","2","2","3","3","4","0","0","0","0","0","0","0","0","0","0","1","0","0","0","2","1","3","4","5","3","4","5","4","4","5","2","5","4","1","2","5","5","5","5","3","4","1","2","2","4","4","4","3","2"
"Fish Habitat Diversity","5","5","5","2","4","2","5","2","5","5","5","3","5","5","5","3","1","5","5","3","5","5","5","3","1","1","4","5","3","5","5","5","5","5","5","5","5","3","4","5","5","3","3","3","4","5","4","5","5","4","5","4","2","3","4","2","2","2","2","5","5","5","5","4","3","5","5","5","5","5","5","2","1","3","3","3","3","3","3","2","2","3","2","2","3","2","2","3","2","2","3","3","1","2","4","3","4","2","5","3","5","5","5","3","5","3","1","3","1","2","2","5","4","3","2","3","1","3","3","3","5","5","3","5","5","5","5","4","5","3","5","5","4","3","3","2","3","3","5","5","5","3","5","5","5","5","5","5","5","5","5","5","5","5","5","5","4","5","3","4","5","2","5","5","2","5","5","5","5","5","5","5","4","5","5","5","4","4","4","4","4","4","3","2","4","4","3","0","5","4","3","0","3","3","0","3","3","2","5","3","5","3","2","4","3","5","2","2","5","3","2","3","0","4","4","5","5","3","4","4","2","1","4","0","4","4","3","4","4","3","5","5","4","3","4","5","2","3","3","3","3","4","3","4","5","4","4","1","4","3","4","3","4","3","3","3","0","3","4","2","0","5","4","0","3","2","4","4","4","4","5","4","0","0","4","3","4","2","2","3","3","2","1","1","2","2","3","2","5","3","3","4","4","4","3","5","3","3","5","3","5","3","5","5","5","5","4","3","2","3","3","5","3","2","2","3","3","4","5","4","4","4","2","3","4","5","5","1","2","2","2","2","3","4","4","4","5","2","2","4","4","2","3","2","3","2","2","1","3","2","2","1","3","2","2","3","5","4","2","1","4","3","2","3","2","1","0","2","1","","4","3","2","2","3","4","2","3","3","3","1","1","2","3","3"
"Vegetation Type","3","5","5","3","5","5","5","1","5","5","5","5","5","5","3","4","2","2","2","2","2","2","2","3","1","1","4","4","4","3","4","3","2","2","2","2","2","4","4","4","4","2","2","2","2","2","2","3","2","4","4","2","2","4","2","4","1","2","4","2","2","2","2","2","2","2","2","2","2","2","2","3","3","2","3","5","2","3","4","2","2","2","3","2","2","3","3","5","2","3","3","3","2","3","3","3","3","4","4","2","3","2","4","4","3","3","4","3","4","2","4","2","2","2","2","2","2","3","2","2","4","4","4","4","3","3","2","2","2","2","2","2","4","4","4","1","3","2","2","3","2","1","3","3","3","3","2","1","1","1","3","3","3","3","3","3","3","3","3","3","4","4","3","4","3","3","3","4","4","4","4","4","3","4","2","4","3","3","2","2","3","3","4","1","3","4","4","3","2","3","3","2","3","3","3","2","3","4","2","3","2","5","2","3","1","3","2","3","5","2","4","2","2","2","2","2","2","2","2","3","2","2","3","3","2","3","2","2","2","1","2","3","3","2","2","2","4","4","2","3","3","4","4","4","4","4","4","2","4","2","2","2","4","3","3","3","2","4","2","4","1","4","4","0","2","2","3","4","4","3","4","4","0","1","2","3","4","4","4","4","4","1","0","1","1","1","4","1","4","3","3","3","4","4","4","3","3","4","5","5","5","4","5","5","5","5","3","4","3","2","3","4","3","3","4","2","2","4","3","4","4","4","4","4","4","5","2","3","3","3","2","4","2","2","2","2","2","2","2","3","4","2","2","2","1","3","3","3","3","","2","2","","2","2","2","1","2","4","4","2","4","3","4","4","4","1","4","3","2","2","4","4","4","4","2","4","1","1","3","","4","4","3","3"
"Sediment Type","2","2","2","1","1","2","2","2","2","2","2","2","2","2","4","1","2","1","1","1","2","1","1","2","4","1","3","3","4","5","4","3","2","2","2","2","2","4","2","2","2","3","3","2","2","2","2","2","2","3","3","1","4","2","3","0","2","4","1","2","2","2","2","2","2","2","2","2","2","1","2","5","5","2","2","2","4","5","5","4","5","4","5","4","4","4","4","4","4","3","3","4","3","2","1","2","1","2","1","4","1","1","3","3","2","3","2","2","1","2","3","3","1","3","3","3","1","5","1","2","1","1","1","1","1","1","1","1","1","2","2","1","3","1","1","1","1","1","3","3","3","1","3","3","3","3","3","1","2","1","2","2","1","1","1","1","2","2","2","2","1","2","3","2","3","2","2","2","2","2","2","2","2","2","2","2","2","3","4","2","2","2","2","3","3","5","2","2","1","2","2","2","4","4","5","3","4","1","3","3","3","2","1","4","3","3","3","5","5","2","2","2","1","3","3","3","3","3","2","2","2","2","2","2","3","3","2","3","2","2","2","3","2","3","2","2","0","1","1","3","3","5","1","2","2","2","2","1","1","1","1","1","1","3","3","3","2","3","1","4","2","3","2","1","2","2","2","2","1","2","2","1","3","3","1","1","3","2","1","1","2","2","2","1","2","1","5","1","3","1","1","4","3","2","4","3","3","3","2","1","1","3","2","2","1","1","3","4","1","1","4","1","2","1","1","2","2","5","3","4","2","2","2","4","2","2","1","5","3","3","5","5","5","2","2","2","1","1","1","1","3","3","4","3","3","2","4","3","3","3","2","3","4","3","3","1","3","1","1","5","1","1","","3","1","2","2","4","2","5","1","5","1","","5","3","4","2","2","4","4","2","4","1","3"
"Vegetation Cover","5","4","5","3","4","5","5","5","5","4","5","5","5","4","3","4","4","2","2","3","2","3","3","3","1","1","4","4","4","5","4","4","4","4","4","4","4","5","4","4","4","3","3","3","2","2","3","4","3","2","4","3","3","4","3","3","2","3","3","2","2","2","2","2","2","2","2","2","2","2","2","5","5","4","3","4","4","4","3","3","4","3","4","2","3","4","4","5","3","4","4","4","4","4","4","3","4","4","3","4","4","4","3","4","4","3","4","3","2","3","4","3","4","2","2","2","3","3","3","2","4","4","5","4","3","3","3","4","3","3","3","3","4","4","3","3","4","3","3","3","3","3","3","3","3","3","2","1","1","2","4","4","3","3","3","3","4","3","4","4","4","4","4","4","4","4","3","4","4","4","4","4","4","4","4","4","3","3","2","3","3","3","5","2","4","4","5","4","2","5","2","5","3","3","4","4","4","3","4","2","2","4","3","3","3","2","3","4","4","4","4","4","4","4","4","4","4","3","3","3","3","2","4","4","3","3","3","4","4","3","4","4","3","4","2","3","4","4","2","3","4","4","4","4","3","4","4","2","4","2","2","2","3","4","4","4","2","4","4","5","2","4","4","0","4","2","1","4","4","5","5","5","1","3","4","4","5","4","2","4","4","3","3","3","1","2","4","2","4","4","4","4","4","4","4","5","3","4","4","4","4","4","4","4","4","4","4","4","4","3","2","4","3","4","5","2","2","4","4","4","4","5","4","4","5","4","3","5","4","4","4","5","3","4","4","3","5","2","2","3","4","4","3","4","4","4","4","4","5","2","4","2","3","3","3","1","2","3","4","5","1","4","5","3","5","5","2","4","5","5","2","5","3","5","4","4","4","2","2","3","4","4","4","4","3"
"Vegetation Density","3","4","5","4","4","5","5","5","5","4","5","5","5","5","1","4","4","3","3","2","3","3","3","4","2","2","5","4","3","3","4","3","2","2","2","2","3","5","4","4","4","2","2","3","2","2","3","3","3","4","4","4","3","4","3","3","3","3","3","1","1","1","2","1","2","2","2","2","2","2","4","3","3","4","3","4","3","2","3","3","2","3","4","2","3","4","3","5","2","2","3","3","3","4","3","4","3","3","4","5","5","4","3","4","4","5","3","5","3","2","4","4","4","2","4","2","2","4","2","2","5","5","5","4","2","4","3","4","3","3","3","3","3","4","4","2","3","2","3","3","3","3","4","4","4","4","1","1","2","2","3","3","3","3","4","3","4","4","2","5","3","3","3","3","4","3","4","3","5","5","5","4","4","4","4","4","3","3","2","3","3","3","3","2","3","5","5","3","2","5","4","5","2","3","3","3","3","3","5","3","4","4","4","5","3","4","2","3","5","3","4","4","4","3","3","2","2","3","2","3","1","2","4","3","2","2","2","2","3","2","4","3","4","3","2","3","4","3","1","3","3","3","4","4","4","4","4","2","3","2","3","2","2","3","3","3","3","5","4","2","1","4","4","0","4","4","5","3","4","5","5","4","1","2","4","3","4","3","2","4","3","5","2","2","1","3","3","3","4","3","3","2","4","3","3","4","3","4","4","4","4","2","3","4","4","4","3","3","4","4","4","4","3","4","5","2","2","3","3","4","4","4","3","4","5","3","4","3","4","3","3","3","2","4","4","3","3","4","2","4","5","2","2","3","4","3","3","1","2","2","3","1","3","2","2","3","3","3","5","2","3","3","2","4","4","0","3","3","4","3","2","2","5","5","5","4","4","2","3","2","5","3","3","4","3"
"Algal Mat Cover","2","2","1","1","2","1","1","1","1","2","1","0","3","1","3","3","3","3","2","3","2","3","3","3","3","3","2","3","3","2","3","3","4","4","4","4","4","4","1","1","2","4","4","3","4","4","3","4","4","3","3","3","3","2","3","4","2","2","4","4","4","5","4","5","4","4","4","4","4","4","4","2","0","2","2","5","1","1","1","1","1","1","1","1","0","0","0","1","0","0","0","2","1","3","3","3","3","3","3","1","3","4","2","3","3","3","2","2","3","2","1","2","3","3","3","3","2","2","4","2","2","2","2","4","3","3","4","4","4","3","3","3","3","1","1","0","4","4","1","2","2","1","3","3","3","3","4","1","2","2","4","4","4","4","4","4","2","2","2","1","3","1","1","2","1","2","2","2","1","2","3","3","3","3","3","3","3","4","4","4","4","4","2","1","1","4","1","1","1","1","2","1","1","1","3","3","2","4","3","2","2","4","3","4","2","4","3","4","2","3","2","2","2","4","4","4","4","4","3","0","3","4","0","4","4","2","3","3","2","1","5","3","0","4","4","3","2","1","2","3","1","3","2","3","1","3","3","2","4","2","4","2","4","1","1","0","2","1","1","1","1","1","1","0","4","3","1","1","2","3","1","1","2","2","1","2","1","2","3","3","1","1","0","0","0","0","4","1","3","1","1","2","2","1","1","2","1","2","1","0","2","2","1","1","2","1","4","2","2","1","1","2","4","4","1","0","3","0","3","1","2","2","2","3","3","1","3","0","0","0","4","4","4","4","3","4","3","4","3","1","2","0","5","0","0","0","0","1","4","","2","4","2","3","3","4","1","3","1","4","0","3","2","1","3","0","1","3","4","1","2","3","1","1","1","4","3","3","2","2","3","3","","3","1"
"Direct Runoff","1","1","1","1","0","5","3","2","1","3","3","3","3","0","4","3","2","5","5","3","5","5","5","3","1","1","3","0","0","3","0","0","1","1","1","1","1","4","5","5","1","5","5","2","3","4","4","1","5","5","5","1","1","2","1","2","4","1","2","3","3","3","4","3","3","4","4","5","4","4","4","4","5","3","2","2","3","3","3","2","5","0","5","5","1","5","4","2","3","3","1","3","4","3","1","3","1","5","1","3","1","1","5","2","4","5","4","2","2","0","0","4","4","3","2","1","2","4","3","0","5","5","5","3","5","1","5","5","5","5","1","1","3","4","5","5","3","0","1","1","1","1","1","1","1","1","4","1","4","4","5","5","1","1","1","1","1","5","1","1","5","1","1","5","1","3","5","5","5","5","1","1","1","1","1","1","5","5","4","5","5","5","4","5","5","5","3","0","0","3","3","3","0","2","0","3","3","4","4","4","4","3","5","4","4","5","4","3","5","4","3","4","3","4","4","1","1","3","2","1","0","4","5","4","2","2","2","3","5","1","4","1","5","3","3","3","3","1","3","3","4","3","1","1","5","3","1","3","2","3","3","3","3","4","3","5","3","5","5","0","0","0","0","0","3","2","5","0","0","3","3","0","0","0","0","1","0","0","0","0","0","4","3","0","4","1","0","4","3","2","2","2","2","3","0","1","0","4","1","0","0","3","3","0","0","1","1","1","1","5","1","3","0","5","4","3","1","4","2","0","5","3","3","4","2","1","3","5","3","2","3","4","4","0","0","0","0","0","1","3","3","1","3","1","3","4","3","4","3","3","2","4","4","3","3","0","0","0","1","0","0","0","0","0","4","0","4","0","1","0","1","0","0","4","3","1","","3","3","3","1","","3","3","0"
"Proximity to Point Source","2","1","5","4","0","5","5","2","5","5","5","0","5","0","4","1","2","5","5","3","3","4","4","2","0","1","1","5","5","5","5","5","1","1","1","1","2","4","0","0","0","4","4","0","3","2","0","2","2","4","5","3","0","0","3","2","0","0","4","0","0","0","0","5","4","0","0","0","0","0","0","4","4","4","3","3","4","0","0","5","5","0","1","4","0","0","5","4","0","4","4","0","3","3","1","0","1","3","1","3","4","4","0","2","3","0","5","2","1","0","0","0","0","0","5","0","3","3","3","0","5","5","4","1","1","3","0","4","1","5","0","4","5","5","1","5","1","0","1","1","2","1","2","1","1","1","0","2","2","2","5","5","2","2","2","2","1","0","0","0","0","0","0","0","0","4","0","0","0","0","1","1","1","1","1","1","0","0","0","0","0","0","2","4","5","5","5","0","0","5","5","5","0","4","0","2","2","1","3","2","3","5","5","5","4","4","3","1","5","1","1","3","3","5","5","1","1","5","1","4","0","3","0","4","2","2","2","2","0","3","3","2","5","2","3","3","1","5","4","3","5","5","4","1","1","1","1","3","3","3","3","3","3","5","3","5","5","5","5","0","0","2","2","0","0","0","1","0","4","0","5","0","0","0","2","3","0","0","0","0","5","1","0","0","5","0","2","1","3","0","0","2","3","3","1","5","0","4","3","3","3","5","3","2","3","0","2","2","3","5","3","0","1","5","4","0","0","1","2","0","2","1","5","3","2","5","5","5","3","3","2","2","2","1","1","4","5","2","1","2","1","0","0","0","3","2","2","4","4","5","5","0","5","3","5","5","0","0","2","0","5","5","0","0","4","1","5","5","0","1","1","4","5","0","5","5","4","1","5","4","5","5","2","4","0"
"Indirect Runoff","5","2","5","1","5","5","4","5","5","5","5","5","5","5","0","1","3","5","5","4","4","4","4","4","5","5","4","5","5","5","5","5","3","3","3","3","3","4","4","5","4","4","3","1","5","3","4","3","4","4","3","2","0","0","2","2","1","0","0","5","5","5","2","2","5","5","2","2","5","2","2","2","5","5","5","4","4","5","5","5","5","4","2","4","2","2","4","5","5","2","5","2","4","3","5","2","5","2","1","2","1","4","4","4","3","1","3","3","1","0","0","5","5","4","5","3","4","1","1","1","5","5","2","5","4","2","5","4","5","1","5","5","4","5","5","3","2","1","1","1","1","1","1","1","1","1","4","4","4","3","3","3","4","4","4","4","5","5","2","2","5","5","2","5","5","2","5","5","5","2","4","4","4","4","5","5","5","3","5","5","5","5","5","5","4","1","5","4","1","4","2","5","3","3","2","3","3","4","2","1","2","4","5","5","4","4","4","5","5","4","5","5","3","3","3","5","5","5","4","2","0","3","0","4","4","4","1","2","5","1","3","2","3","4","4","4","5","5","3","4","5","3","4","4","5","4","4","3","3","2","4","3","4","4","1","5","4","5","5","3","0","4","1","0","4","1","2","5","5","3","5","3","0","0","3","4","3","2","4","3","4","5","1","0","5","5","4","4","1","4","4","3","4","4","1","5","5","5","3","4","4","4","1","1","3","3","3","2","2","2","2","4","1","4","1","1","2","4","5","5","5","5","4","3","3","5","5","5","4","4","3","2","2","1","2","3","3","5","4","5","5","4","2","4","4","4","","","5","5","5","5","5","4","5","1","1","1","3","0","5","3","5","5","1","1","5","5","2","","1","2","1","1","5","2","2","3","5","5","5","4","4","3","4"
"Tidal Connectivity","5","3","3","1","5","5","3","3","3","5","5","3","3","1","3","2","2","2","2","2","2","2","2","2","4","5","3","3","2","5","3","5","3","3","3","3","3","3","5","5","5","2","2","3","4","3","3","2","2","5","5","3","3","3","3","2","3","2","1","2","2","2","3","2","2","2","3","2","2","3","3","2","2","2","4","4","2","4","5","2","2","2","4","3","5","5","2","3","5","5","5","2","2","5","2","3","2","2","3","3","2","2","4","3","5","4","3","4","3","1","4","3","2","3","3","3","1","4","3","3","3","3","4","4","3","4","3","2","3","3","2","3","3","3","2","1","2","3","3","3","3","3","2","3","2","2","2","2","3","2","3","4","2","2","2","2","5","4","5","5","1","4","5","5","5","4","5","5","3","5","4","2","5","5","5","5","5","5","5","5","5","5","2","3","5","5","5","0","4","1","1","1","1","2","1","2","2","1","3","3","3","4","3","3","3","3","2","4","5","2","2","2","2","5","5","5","5","2","2","3","0","1","2","1","2","2","2","3","4","2","2","4","4","2","2","4","4","3","2","3","5","5","5","5","3","1","1","1","1","2","3","3","3","5","5","5","1","5","1","5","0","1","1","0","3","3","4","5","5","5","5","1","0","0","1","3","2","2","0","5","3","2","2","2","3","5","3","2","4","3","3","5","3","3","3","2","3","3","2","2","4","2","2","2","2","2","3","3","1","3","1","1","2","5","5","4","3","4","3","3","3","3","3","3","3","3","2","2","2","2","5","3","5","2","3","3","2","2","3","2","5","3","3","5","4","2","2","0","3","5","2","3","3","2","3","2","5","3","2","0","3","3","3","3","5","4","2","3","2","1","3","3","5","3","","5","3","5","2","3","3","2","2","3","3"
"Migratory Wader Birds","5","5","5","5","2","5","5","5","5","5","5","5","5","2","4","2","2","2","2","1","2","2","2","1","1","1","4","2","2","5","2","2","2","2","2","2","5","2","2","5","5","2","2","2","2","2","2","2","2","2","2","2","2","2","2","2","2","2","2","2","2","2","5","2","2","2","2","2","2","2","2","5","2","4","5","2","5","5","2","2","2","5","5","2","2","5","5","2","2","5","2","2","2","2","2","2","2","2","2","5","5","5","2","2","2","2","2","2","1","1","2","2","1","2","2","2","2","2","1","2","5","5","2","2","2","2","2","2","2","2","5","5","2","2","1","1","2","1","5","5","5","2","2","2","2","2","2","1","2","2","2","2","2","2","2","2","2","5","2","2","2","2","2","4","5","4","2","5","2","5","2","5","2","5","5","5","5","5","4","5","5","5","0","1","2","2","2","1","1","1","1","1","4","5","1","4","5","2","2","2","2","5","2","4","2","2","2","5","5","4","2","2","1","2","2","1","1","2","2","2","1","5","2","1","2","2","1","2","1","1","1","2","2","1","2","2","2","1","1","2","2","2","2","2","2","4","2","1","2","1","2","1","2","2","4","2","1","2","2","2","1","2","2","0","0","2","2","2","1","4","2","2","1","1","2","2","2","2","1","2","2","4","1","1","1","2","4","5","4","2","2","2","2","4","2","2","2","2","1","1","2","2","5","5","5","1","5","1","0","1","1","2","4","0","4","5","2","2","2","2","1","2","1","2","2","0","2","2","2","2","2","2","2","2","1","5","2","2","2","2","1","2","2","2","2","1","2","4","4","2","1","4","2","","2","4","5","2","5","0","0","2","0","1","4","1","1","2","1","0","2","1","1","1","1","2","4","1","2","2","2","2","2","5","1"
"Threatened Species","5","5","5","5","2","5","5","5","5","5","5","2","5","2","2","3","1","1","1","0","1","1","1","1","1","1","5","5","2","5","5","1","5","2","2","5","5","4","3","5","5","1","1","1","1","1","1","1","1","1","1","2","2","2","2","1","2","1","1","5","5","5","5","3","5","3","3","2","3","2","2","5","5","4","4","2","5","5","5","1","2","5","5","2","2","5","2","1","5","2","1","2","1","2","1","2","1","1","2","2","2","2","1","4","2","2","2","2","1","0","2","1","0","1","3","1","1","1","0","0","5","5","2","1","3","5","2","1","2","2","1","1","1","1","1","0","1","0","1","2","1","2","1","1","1","2","2","1","1","1","5","5","1","2","1","1","1","2","1","2","2","2","2","2","2","2","2","2","2","2","2","1","2","1","1","2","1","1","1","1","1","2","2","1","2","1","2","0","0","1","1","1","5","5","0","3","5","0","1","1","2","5","2","4","1","1","1","5","3","3","1","1","0","0","1","1","1","5","1","1","0","1","1","0","1","1","1","1","1","1","0","1","5","1","1","1","1","1","1","1","1","1","0","1","2","1","1","1","1","1","1","1","1","2","1","1","0","2","1","1","0","2","2","0","2","1","1","2","1","1","2","2","0","0","2","2","2","1","1","2","1","1","0","0","1","2","2","5","1","1","1","1","3","2","2","2","1","2","1","1","1","1","4","1","1","1","5","0","1","1","1","1","3","0","2","1","2","2","2","0","1","1","1","1","1","1","5","2","2","2","2","2","3","2","0","1","2","1","1","5","3","2","2","4","5","2","4","3","3","2","2","3","4","4","2","5","5","1","4","0","0","0","0","1","1","1","1","0","1","0","1","0","","0","0","3","5","4","5","2","5","3","3","1","0"
"Locally Iconic Species","5","5","5","5","2","5","5","5","5","5","5","5","5","2","4","5","2","2","5","1","5","1","5","1","5","4","5","1","2","5","1","5","5","5","4","5","4","4","3","5","5","1","1","3","2","2","4","1","2","1","1","5","2","2","5","1","2","2","2","5","5","0","5","3","5","5","5","2","5","5","5","5","5","4","5","4","5","5","5","1","5","5","5","2","2","5","5","3","5","5","1","5","3","2","1","5","1","3","5","2","5","5","2","4","2","2","2","2","1","0","2","3","1","2","4","1","1","3","1","3","5","5","1","5","3","1","5","1","5","3","3","3","2","2","1","4","5","1","3","5","5","5","5","3","5","5","3","1","1","1","5","5","2","5","2","2","5","5","1","2","4","2","2","5","2","3","5","5","5","5","2","3","2","1","2","5","3","2","3","1","3","5","1","1","2","5","2","0","0","1","1","1","5","5","4","5","5","3","2","2","3","5","5","3","1","5","3","5","3","3","2","3","0","1","1","1","1","5","2","3","3","1","5","1","2","5","2","5","1","1","1","5","5","1","2","5","1","1","1","1","3","3","1","1","3","1","1","1","1","1","3","1","1","3","2","1","1","5","1","1","0","5","2","0","2","2","2","3","1","3","2","2","1","1","2","2","2","1","5","1","5","5","1","1","5","2","5","5","2","1","1","1","4","5","3","3","2","3","3","5","3","1","5","3","1","1","5","1","1","2","5","5","4","2","5","5","3","5","3","1","1","4","5","2","0","1","4","2","2","2","2","2","3","3","2","5","2","1","1","3","5","2","1","2","5","2","4","3","3","2","2","3","3","3","2","5","5","2","5","0","3","1","0","2","3","2","4","1","2","1","1","5","5","5","5","1","5","1","5","2","5","1","2","3","3"
"General Habitat Value","4","5","5","5","4","5","3","5","5","4","5","4","4","4","5","4","3","3","3","2","4","3","3","3","3","3","3","1","4","3","1","1","4","4","4","5","5","3","3","3","3","2","2","4","3","3","4","3","3","2","4","5","4","3","5","3","3","4","3","5","5","5","5","4","5","4","5","5","5","4","5","5","3","4","4","4","4","4","4","3","3","3","4","4","3","5","4","3","3","4","3","2","2","3","2","3","3","3","5","3","4","4","3","4","3","4","3","3","1","1","4","4","3","4","4","2","4","4","2","2","5","5","2","4","4","3","3","4","5","4","4","4","3","5","3","1","3","3","2","5","5","4","4","5","5","5","3","2","3","3","2","2","3","3","3","3","5","3","3","3","5","3","4","3","3","4","4","3","3","3","2","3","3","3","3","5","3","2","3","3","3","3","4","2","5","4","4","3","1","1","2","3","2","5","1","4","5","3","4","4","4","5","5","3","3","5","2","4","4","2","3","2","2","3","3","2","1","3","3","3","2","3","3","2","3","4","2","3","2","2","2","3","2","2","3","3","2","3","2","2","3","3","3","5","4","2","4","1","2","3","2","1","2","3","1","3","2","3","2","2","1","5","5","0","2","2","3","3","3","5","4","5","0","0","5","5","5","2","2","2","2","3","2","2","2","3","4","4","4","3","3","4","4","5","3","4","4","4","2","2","4","4","4","3","3","2","2","1","2","4","3","5","4","3","5","3","3","5","3","2","4","3","4","5","4","3","4","3","2","2","4","2","2","5","3","5","5","3","2","4","3","0","0","4","4","4","4","4","4","4","5","1","4","4","4","4","5","4","5","2","1","4","1","1","3","2","1","3","2","2","3","4","5","2","1","3","4","2","3","3","3","3","4","4","2"
"Access","4","2","4","5","4","4","4","4","4","5","4","4","4","2","1","2","2","5","5","5","5","5","5","3","1","4","4","1","4","1","1","2","0","0","1","1","2","2","5","5","5","4","4","5","5","5","5","4","2","1","3","4","0","5","4","2","4","1","2","3","3","3","4","2","3","4","4","4","4","4","1","0","5","2","5","2","3","4","1","0","2","1","5","5","5","5","5","2","5","5","2","1","1","1","1","4","4","4","4","3","5","4","5","3","4","5","4","5","4","1","4","5","4","5","3","2","4","2","4","1","5","4","5","1","1","1","1","1","1","2","5","5","1","1","5","5","1","0","4","5","4","4","4","3","4","5","5","5","5","5","5","3","4","4","1","4","2","5","1","2","1","1","2","5","1","4","4","5","4","5","4","5","5","5","5","5","5","5","4","5","5","5","0","0","4","5","5","4","4","4","4","5","4","5","0","5","5","4","2","1","1","4","4","4","2","5","1","4","4","4","4","4","4","3","4","5","5","4","2","1","3","2","2","1","1","4","3","4","2","3","1","1","3","1","5","5","2","1","5","5","1","2","4","1","3","0","3","5","5","5","5","5","5","1","1","1","2","5","1","1","2","1","1","0","1","0","3","2","5","5","5","1","2","2","4","1","0","4","4","4","4","4","4","2","5","4","1","4","2","2","2","4","5","5","2","4","4","2","2","2","1","2","4","4","0","1","1","0","3","0","1","0","3","5","5","0","2","2","4","0","3","2","4","2","0","3","2","5","5","5","0","1","1","4","1","4","3","1","1","3","1","5","5","4","","5","5","4","1","5","2","0","0","2","1","2","4","3","4","4","0","3","5","4","5","0","0","2","1","4","4","0","0","0","3","0","0","4","3","4","3","1","3","4","1"
"Visual Appeal","5","4","5","5","3","3","4","5","5","3","5","5","4","5","5","5","4","3","3","3","3","3","4","3","5","3","5","5","5","5","5","4","5","5","5","4","5","5","3","4","4","2","1","3","1","1","3","5","5","2","3","4","4","4","5","4","3","4","4","4","4","4","4","5","4","5","4","4","4","4","4","5","5","5","5","5","5","5","4","5","4","4","5","5","5","5","5","5","5","4","4","5","5","4","3","5","4","4","3","4","5","3","4","5","4","5","3","4","2","2","4","3","4","4","5","3","4","4","3","2","4","3","4","5","3","3","3","2","3","5","4","4","2","2","3","1","1","2","4","4","4","5","4","4","5","4","5","1","3","3","4","4","4","5","2","4","5","4","4","5","4","4","5","4","5","3","5","4","5","5","4","5","4","3","3","4","5","4","3","3","3","4","4","1","4","4","5","4","3","4","3","4","5","5","5","4","5","2","4","2","3","4","5","5","3","5","3","5","5","5","4","4","2","2","2","1","1","2","2","3","3","2","3","2","4","3","3","4","2","3","2","3","3","5","3","3","4","4","2","3","4","2","4","3","2","4","3","1","3","1","3","1","1","5","4","4","2","5","3","5","2","5","5","2","2","4","3","3","4","2","4","5","4","4","5","5","5","4","3","4","2","3","2","3","1","5","3","3","4","4","5","4","3","5","4","4","5","4","5","5","5","2","5","4","3","3","3","2","4","5","5","5","3","1","5","3","5","5","5","4","4","4","5","5","5","5","5","5","4","4","5","4","3","5","4","5","4","4","3","4","5","5","5","5","5","5","5","5","5","5","5","5","5","4","5","3","5","5","4","5","3","4","4","3","5","5","2","3","3","4","2","2","4","2","2","1","3","1","3","1","2","2","3","5","3"
"Buffer Zone value","5","5","5","2","3","5","5","5","5","3","5","0","5","5","3","2","2","3","3","3","3","3","3","1","5","3","4","3","3","3","3","4","3","3","3","3","4","3","4","4","3","2","2","3","3","1","1","2","2","4","4","2","0","1","2","0","1","0","0","3","5","3","3","3","3","3","3","2","3","3","3","2","3","5","5","3","2","3","2","3","3","2","3","5","3","5","3","5","3","3","3","2","1","3","3","3","3","3","3","1","3","5","3","3","2","4","3","1","1","2","0","3","2","2","3","2","3","2","1","2","3","3","2","1","2","3","2","2","2","3","5","3","3","3","3","3","3","2","3","3","3","3","3","3","3","3","2","1","1","1","2","2","2","2","3","2","3","3","3","3","3","3","3","3","3","3","3","3","3","3","3","3","3","3","3","3","3","3","3","3","3","3","2","2","5","3","3","2","1","3","3","3","3","2","0","2","2","1","1","2","1","4","1","5","2","3","2","1","4","1","3","5","2","2","2","3","3","3","1","1","1","1","2","1","2","2","2","2","2","2","1","2","2","2","3","3","3","2","1","2","3","3","3","2","2","4","2","1","2","1","2","1","2","3","3","3","3","3","3","2","1","1","1","0","1","3","5","2","0","0","3","3","2","3","2","3","2","3","4","0","3","3","3","3","3","3","3","3","3","2","2","2","5","3","3","3","3","4","4","3","3","0","4","3","1","4","2","1","2","3","2","3","1","1","3","3","2","2","3","5","5","3","3","3","5","3","3","3","1","1","2","3","3","3","2","3","2","1","2","3","4","5","5","3","5","3","5","3","5","3","3","3","3","5","3","3","5","5","3","3","2","3","3","2","4","1","0","2","3","3","2","3","4","3","3","3","5","1","3","","5","3","3","4","1"
"Cultural Values","5","5","5","5","3","4","4","5","5","4","4","5","4","3","3","4","3","4","5","4","5","4","4","3","3","1","5","3","4","5","3","3","4","3","4","3","4","4","4","4","4","3","2","2","3","3","2","4","4","3","3","3","0","3","3","2","1","0","2","4","3","3","4","3","4","3","4","3","4","4","4","5","5","5","5","5","5","3","3","3","2","2","4","4","5","5","5","5","5","4","3","4","3","3","3","3","3","4","4","4","5","4","4","5","3","0","0","3","1","1","4","2","2","2","5","1","0","4","2","1","3","3","3","4","3","1","3","3","3","4","5","5","4","5","3","3","4","3","3","5","4","5","4","4","3","5","3","3","3","3","1","3","3","3","3","3","4","5","2","4","5","5","4","5","3","2","3","5","3","4","4","5","5","5","5","4","5","5","5","5","5","5","4","2","4","4","4","4","2","3","3","4","5","5","2","5","5","4","4","5","5","4","4","4","4","5","3","5","4","2","3","3","1","2","3","2","2","3","3","2","1","1","3","1","3","3","1","2","2","3","1","2","2","3","2","2","3","3","2","2","3","3","4","1","1","4","0","1","2","2","2","1","2","3","3","3","3","3","4","2","2","4","4","0","3","2","4","4","3","4","3","4","2","3","4","4","4","3","2","2","3","2","2","2","2","5","4","4","3","4","4","3","3","5","3","3","5","4","5","5","5","2","5","4","3","3","5","1","5","3","4","5","5","2","5","3","4","5","5","1","3","4","1","5","3","4","5","5","5","5","5","2","2","4","3","4","4","1","3","5","5","5","5","5","5","5","5","5","5","5","5","5","5","5","5","4","4","5","3","1","5","4","0","3","5","5","3","2","1","5","3","0","0","0","0","3","3","3","3","4","3","3","5","4","1"
"Vehicles","1","2","1","1","2","1","1","1","1","1","0","1","1","1","1","1","1","5","5","5","4","5","5","2","1","2","1","0","0","0","0","0","0","0","0","0","0","2","3","3","3","2","3","4","4","4","4","2","1","1","1","3","2","2","3","2","1","3","2","0","0","0","0","0","0","0","0","0","0","0","0","0","0","0","0","1","0","0","0","0","0","0","0","0","0","0","1","1","0","0","0","0","0","0","1","2","1","2","2","1","2","2","3","3","4","3","2","3","4","5","3","4","3","4","4","1","2","3","3","1","3","3","2","1","1","0","0","1","0","1","2","2","0","1","3","5","0","0","2","1","1","1","2","2","2","2","5","5","4","5","3","4","4","4","4","4","0","2","0","0","0","0","0","2","0","1","1","2","1","2","2","3","2","2","2","3","2","2","1","2","2","2","0","0","1","2","2","0","0","0","1","0","0","0","2","0","0","0","1","2","2","4","2","2","2","3","2","4","3","1","2","2","1","4","4","5","5","2","3","1","2","1","2","1","3","3","1","2","3","2","1","1","1","1","5","2","0","0","5","5","0","2","2","0","0","1","0","5","5","5","4","4","4","0","1","0","1","3","2","0","2","1","1","0","3","1","5","1","2","5","2","2","0","4","2","1","0","2","3","2","0","2","1","1","2","1","1","2","1","0","0","0","0","0","0","0","1","1","0","0","0","1","0","0","0","0","3","2","4","0","2","1","1","5","2","0","0","0","2","0","2","2","1","1","2","4","1","0","0","0","0","0","1","0","1","0","0","0","0","1","1","0","0","0","0","0","0","0","0","0","0","0","0","0","0","0","1","0","1","0","0","0","5","2","2","0","0","0","0","1","2","0","0","0","3","1","0","4","2","4","1","0","0","1","2"
"Cattle","0","0","0","0","0","0","0","0","0","0","0","0","0","0","1","0","0","0","0","1","1","1","1","0","0","0","0","0","0","0","0","0","0","0","0","0","0","1","0","0","0","0","1","0","1","1","0","0","0","0","1","1","0","0","1","0","0","0","0","0","0","0","0","0","0","0","0","0","0","0","0","0","0","0","0","0","0","0","0","0","0","0","0","0","0","0","0","0","0","0","0","0","0","0","0","0","0","0","1","0","0","0","0","1","1","0","0","0","0","4","0","0","1","0","2","0","0","0","0","1","0","0","0","0","0","0","0","1","0","0","0","0","2","5","0","0","0","1","1","1","0","0","0","0","0","0","0","1","0","0","1","1","1","1","1","1","0","0","0","0","0","0","0","0","0","0","0","0","0","0","1","0","1","1","1","3","0","0","0","0","0","0","5","4","1","1","0","0","0","0","1","0","0","0","1","0","0","1","1","1","2","4","2","1","0","0","2","1","1","0","0","1","0","0","1","2","0","1","2","1","1","1","1","0","2","2","1","0","1","2","0","0","0","1","0","0","5","4","1","3","0","2","1","5","5","4","4","1","1","2","3","1","1","1","1","1","2","0","1","3","1","4","3","1","2","1","0","0","0","0","0","1","0","0","1","1","1","2","1","1","1","0","0","0","0","0","0","1","0","0","0","0","0","0","0","0","0","1","0","0","0","0","0","0","0","0","0","0","0","2","2","0","0","5","0","3","2","0","0","0","0","0","0","1","0","1","0","0","0","0","0","0","0","2","2","1","1","1","2","0","0","0","0","0","0","0","0","0","0","0","0","0","0","0","0","0","0","0","0","0","5","1","0","2","0","0","2","1","1","0","4","1","2","3","0","0","0","3","2","0","1","0","0","0","0"
"Pigs","0","0","0","0","1","0","0","0","0","0","0","0","0","1","0","0","1","1","1","0","1","1","0","0","1","1","0","1","0","1","1","2","1","1","1","1","2","1","0","0","0","1","1","0","1","1","0","1","0","1","1","1","0","0","1","0","0","0","0","1","1","1","1","1","1","1","1","1","1","1","1","0","0","1","1","0","1","0","0","0","0","0","0","1","0","0","1","0","0","0","0","1","0","0","0","0","0","1","2","0","1","0","0","3","1","0","0","0","1","4","0","0","1","0","3","0","0","0","1","1","0","0","0","0","0","0","0","1","0","1","0","0","1","2","1","1","1","1","0","1","0","1","1","1","0","1","1","1","1","0","1","1","1","1","1","1","0","0","0","0","0","0","0","0","0","0","0","0","0","0","1","0","0","0","0","1","0","0","0","1","1","1","0","0","1","1","0","0","0","0","1","0","2","2","1","2","3","3","1","1","1","3","3","1","1","0","0","1","1","0","0","1","0","0","1","3","1","1","1","0","3","1","2","0","2","1","1","1","1","1","0","0","1","1","0","0","1","2","2","4","1","1","1","1","1","3","3","1","1","2","3","1","1","1","1","1","1","1","1","1","0","2","2","0","2","1","0","1","0","1","0","1","0","0","1","2","2","1","1","1","1","0","0","0","0","0","0","1","1","0","0","0","0","0","0","0","0","1","1","1","0","0","1","0","0","0","2","1","0","1","1","1","1","0","0","1","1","0","3","0","0","0","0","1","0","2","0","0","1","2","0","0","0","1","0","0","0","1","2","0","0","0","0","0","0","0","1","0","0","0","0","","0","1","0","0","0","0","0","1","0","0","1","2","0","1","2","0","1","2","2","0","0","","0","1","1","2","1","0","1","","0","0","0"
"Mowing","0","0","0","1","0","0","0","0","0","0","0","0","0","0","0","0","0","1","1","0","1","1","0","0","0","0","0","0","0","0","0","0","0","0","1","0","0","0","0","0","0","0","0","0","1","0","0","0","0","0","0","0","0","0","0","0","0","0","0","1","2","1","0","1","0","1","1","1","1","0","0","0","0","0","0","0","0","0","0","0","0","0","0","0","0","0","1","0","0","0","0","0","0","0","0","0","0","0","0","0","0","0","0","1","1","0","0","0","0","1","0","1","0","0","2","0","1","0","0","1","0","0","0","0","0","0","0","0","0","0","0","0","0","0","0","1","0","0","0","0","0","0","0","0","0","1","0","0","0","0","0","0","0","1","0","0","0","0","0","0","0","0","0","1","0","0","1","1","0","1","0","0","0","0","0","1","0","0","0","0","0","0","0","0","0","0","0","0","0","1","0","1","0","0","0","0","0","0","1","1","1","2","2","1","0","3","1","1","2","0","0","0","0","0","0","1","0","0","0","0","0","0","0","0","0","0","0","0","0","1","0","0","0","0","0","0","0","2","1","3","0","1","2","1","1","0","0","1","1","1","2","0","1","0","0","0","1","0","0","0","0","0","0","0","0","0","2","0","0","0","0","0","0","0","0","1","0","0","0","0","0","1","0","0","0","0","0","1","1","0","0","0","0","0","0","0","0","1","0","0","0","0","0","0","0","0","0","1","0","0","0","0","0","0","1","0","0","0","0","0","0","0","0","2","0","0","0","0","0","0","0","0","0","0","0","0","0","0","0","0","0","0","0","0","0","0","0","0","0","0","0","0","0","0","0","0","0","0","0","0","0","0","3","1","1","0","0","0","0","0","1","0","0","0","4","0","0","0","1","0","1","0","0","0","0"
"Burning","0","0","0","0","0","0","0","0","0","0","0","0","0","0","1","0","0","2","2","2","2","2","2","0","0","0","0","0","0","0","0","0","0","0","0","0","0","1","0","0","0","0","0","0","0","0","0","0","0","0","0","0","0","0","0","0","0","1","1","0","0","0","0","0","0","0","0","0","0","0","0","0","0","0","0","0","0","0","0","0","0","0","0","0","0","0","0","0","0","0","0","0","0","0","0","0","0","0","0","0","0","0","1","1","2","0","0","0","0","2","0","1","0","0","1","0","0","0","0","0","0","0","0","0","0","0","0","1","0","1","1","1","0","0","1","0","0","0","0","0","0","1","1","0","0","1","1","1","0","2","2","1","1","1","1","1","0","0","0","0","0","0","0","1","1","0","1","1","1","1","0","0","0","1","1","1","1","1","1","2","1","1","0","0","0","0","1","0","0","0","0","0","0","0","1","0","0","0","1","1","0","1","1","0","1","0","1","1","1","0","0","0","0","0","1","1","1","0","0","1","0","0","2","1","1","0","0","0","0","1","1","2","3","3","0","0","0","0","1","2","1","0","1","0","0","0","0","1","0","1","1","0","0","0","1","0","0","0","1","0","0","1","0","0","0","0","1","1","1","1","1","1","0","1","1","1","0","1","1","1","0","1","0","0","0","0","0","0","1","0","0","0","0","0","0","0","0","0","0","0","0","0","0","0","1","0","0","0","0","0","0","1","0","0","0","0","0","0","0","0","0","0","0","0","0","1","0","0","0","0","0","0","0","0","0","0","0","0","0","0","0","0","0","0","0","0","0","0","0","0","0","1","0","0","0","0","0","0","1","0","0","0","0","0","0","0","0","0","1","2","0","0","0","1","0","0","0","0","0","0","1","0","0","0","0"
"Trampling","1","2","1","1","1","1","1","1","1","1","1","0","1","1","1","1","1","4","3","3","1","2","2","1","1","2","1","1","2","1","1","1","0","0","0","0","0","1","2","2","2","1","1","2","2","2","3","2","1","1","1","2","1","0","2","2","0","1","2","0","1","2","1","1","1","1","3","1","1","1","1","0","1","2","1","1","1","0","0","1","1","1","1","1","0","0","1","1","1","1","1","1","1","1","1","1","1","1","1","1","1","1","1","3","2","0","1","1","3","4","2","4","1","1","4","1","1","1","1","3","0","0","1","1","1","1","0","1","0","1","3","3","1","1","1","5","1","1","1","1","1","1","2","1","1","1","1","5","1","4","2","2","2","4","2","2","0","1","0","1","1","1","1","1","1","1","1","1","1","1","5","4","2","4","3","3","1","1","1","1","1","2","0","0","1","2","1","1","1","2","2","3","2","2","1","2","2","2","3","2","2","4","4","1","2","2","2","1","1","1","1","1","1","0","4","5","5","1","1","1","1","1","1","1","3","0","1","1","3","2","1","1","1","1","1","1","2","3","5","4","1","4","2","0","0","1","1","5","4","3","2","3","4","1","1","1","1","3","4","1","0","1","1","0","0","1","4","2","2","2","1","1","0","0","1","1","0","2","2","2","2","0","1","1","1","1","0","2","1","1","1","2","1","1","1","1","1","1","1","1","1","1","1","1","1","0","2","2","1","1","1","1","2","4","0","0","2","1","1","0","1","0","1","1","2","2","1","1","1","1","0","0","1","1","3","1","1","2","1","0","0","1","1","0","0","0","1","1","2","1","1","2","0","1","2","0","1","1","1","0","0","0","3","2","1","0","3","1","1","0","1","0","0","1","","2","1","2","2","2","2","","","2","1"
"Surface Erosion & Scouring","1","1","0","1","1","1","0","2","1","1","1","0","0","1","1","1","1","2","2","2","2","2","2","2","0","3","1","0","0","0","0","1","2","2","2","2","1","1","2","3","2","1","1","0","1","2","0","1","1","1","2","0","0","1","1","0","0","0","4","2","2","2","2","1","2","2","2","2","2","2","2","0","0","0","1","1","1","0","0","1","0","0","1","1","0","0","1","1","0","1","1","0","1","1","1","1","1","1","3","4","2","2","2","2","2","2","2","1","4","4","1","1","2","0","3","1","0","1","1","0","3","2","1","1","1","2","3","2","3","1","2","1","1","2","1","0","1","2","0","0","1","1","3","3","2","3","1","2","1","1","1","1","1","1","1","1","1","1","1","1","1","1","1","1","2","1","1","1","2","1","2","1","1","2","2","1","2","2","2","2","2","2","1","1","1","2","2","1","2","1","1","1","0","0","2","0","0","2","2","2","3","4","3","2","2","4","2","3","3","0","1","1","0","3","4","3","3","1","1","1","0","1","0","1","2","1","1","1","1","2","1","1","2","1","1","1","5","4","2","2","2","1","2","4","2","3","4","2","1","2","2","1","1","1","2","1","1","2","2","0","5","1","1","4","1","1","3","2","1","2","2","1","1","3","1","1","1","0","0","1","0","1","2","2","0","0","1","2","2","1","0","1","0","0","2","1","1","1","0","0","0","1","0","0","0","1","1","2","0","3","1","1","2","1","1","5","3","0","1","2","1","0","1","2","0","2","2","0","0","0","0","0","0","1","2","2","1","2","2","2","0","0","0","0","0","1","2","0","0","0","0","2","1","1","1","1","0","0","1","2","4","2","0","2","1","1","2","1","1","1","2","2","2","2","1","1","0","3","4","3","1","2","1","0","3"
"Sediment Burial","0","0","0","0","3","0","0","0","0","1","1","1","0","1","1","1","1","1","0","1","1","1","0","1","1","3","1","0","0","0","0","2","1","1","1","1","1","1","1","1","1","1","2","0","1","1","1","1","1","2","1","0","0","1","1","3","0","0","5","0","0","0","1","0","1","0","0","0","0","0","0","0","0","1","1","1","1","1","0","1","0","0","1","0","0","0","1","1","0","0","1","0","1","1","1","1","1","1","2","1","1","1","1","2","2","0","0","1","3","4","1","3","1","0","2","1","0","1","0","1","1","1","1","2","1","2","1","1","1","2","1","1","1","1","1","0","1","0","0","0","1","1","2","2","2","3","0","1","0","1","1","1","1","1","1","1","1","0","1","0","1","1","0","0","1","2","0","0","1","0","1","0","2","1","1","1","1","1","1","1","1","1","1","2","0","0","1","0","0","1","0","0","1","0","2","0","0","2","2","3","2","3","4","1","2","3","3","3","1","2","1","1","0","2","3","2","2","0","0","0","2","0","2","0","2","2","1","1","0","1","0","1","1","2","1","1","5","4","1","2","1","1","1","1","1","2","2","2","2","2","2","4","1","1","1","1","1","0","0","0","5","0","0","3","2","1","3","1","1","1","1","0","0","1","0","1","1","0","0","0","0","1","1","1","0","1","3","1","2","1","0","0","0","0","2","0","1","1","0","0","0","0","0","1","0","1","0","1","0","2","1","0","1","1","0","0","1","0","0","1","1","0","0","2","0","3","1","0","0","0","0","2","1","2","2","2","1","1","1","0","0","0","0","0","1","0","1","0","0","1","0","1","2","","1","1","1","0","1","0","2","1","1","1","0","0","0","0","0","1","1","0","0","2","1","4","5","3","4","3","2","3","2","0","1"
"Shoreline Erosion","1","1","5","2","2","3","5","3","5","2","0","0","5","0","1","0","1","N/A","N/A","N/A","N/A","N/A","N/A","0","N/A","1","0","N/A","0","0","0","1","N/A","N/A","N/A","N/A","1","1","1","1","1","N/A","N/A","N/A","1","N/A","N/A","N/A","N/A","N/A","0","N/A","0","N/A","N/A","2","N/A","0","3","N/A","N/A","N/A","N/A","N/A","N/A","0","N/A","N/A","N/A","N/A","N/A","N/A","N/A","0","0","1","0","N/A","N/A","N/A","N/A","N/A","0","N/A","0","0","0","0","N/A","N/A","1","1","1","N/A","0","1","1","2","N/A","1","N/A","N/A","1","2","1","N/A","2","N/A","3","4","1","N/A","1","N/A","1","N/A","0","1","N/A","N/A","N/A","N/A","N/A","N/A","N/A","1","N/A","1","N/A","1","0","0","1","N/A","N/A","N/A","N/A","N/A","N/A","N/A","N/A","N/A","N/A","N/A","N/A","N/A","1","N/A","N/A","N/A","0","N/A","N/A","N/A","N/A","N/A","0","N/A","N/A","1","1","2","1","1","N/A","N/A","1","1","N/A","1","N/A","N/A","2","1","1","1","N/A","N/A","N/A","N/A","N/A","N/A","N/A","N/A","1","1","1","N/A","2","N/A","0","N/A","N/A","N/A","2","0","0","1","2","2","1","4","3","2","2","3","2","2","1","N/A","N/A","N/A","N/A","2","2","1","1","N/A","N/A","N/A","N/A","N/A","N/A","N/A","1","N/A","N/A","1","0","N/A","N/A","1","0","1","1","1","5","5","2","1","2","2","1","3","2","3","3","N/A","2","N/A","2","1","1","2","2","2","0","2","1","5","5","4","4","4","2","N/A","3","3","1","0","0","2","1","3","3","0","3","5","5","5","1","1","N/A","N/A","N/A","0","N/A","N/A","2","N/A","N/A","1","1","0","1","N/A","0","1","N/A","0","N/A","1","N/A","N/A","N/A","N/A","0","N/A","N/A","1","N/A","N/A","0","N/A","0","5","0","N/A","1","N/A","N/A","N/A","1","1","N/A","2","2","0","N/A","N/A","0","0","0","2","N/A","4","N/A","N/A","N/A","0","2","0","0","0","0","0","1","0","0","0","0","0","0","0","1","0","1","0","0","0","0","0","0","2","1","0","0","1","0","2","2","1","1","0","0","0","0","1","3","0","0","3","","0","1"
"Dumping/Rubbish","0","1","1","1","1","1","1","1","1","0","0","0","0","0","0","0","1","3","3","3","3","3","3","1","1","1","1","1","1","1","1","1","1","1","1","1","0","1","1","1","1","3","3","3","3","3","3","3","2","1","1","3","3","1","1","3","1","3","3","1","1","1","1","1","3","1","1","1","2","1","1","0","2","1","1","0","0","0","0","1","1","0","1","1","1","2","1","1","1","1","1","1","1","1","3","3","3","3","3","1","1","1","2","3","1","2","4","2","4","4","1","3","2","1","3","1","1","1","2","2","3","3","1","1","1","1","2","2","2","1","4","4","1","4","1","2","1","0","1","2","1","1","1","1","2","2","3","3","3","3","3","3","3","3","3","3","0","3","0","1","2","1","1","1","1","1","3","3","3","3","4","3","2","2","2","2","3","3","3","3","3","3","1","3","1","2","2","2","1","3","1","3","1","1","3","1","1","2","3","3","3","3","3","2","2","2","2","3","3","0","1","1","0","3","3","2","3","1","1","1","2","1","0","1","2","2","1","1","1","1","1","1","1","1","3","1","1","2","5","1","1","2","1","4","3","3","4","5","2","3","1","3","1","1","1","1","1","3","2","1","0","1","1","0","1","1","2","1","1","3","1","1","0","0","1","1","0","1","2","1","3","1","1","1","2","1","2","3","2","0","0","0","1","1","2","1","1","3","1","1","1","1","1","1","0","1","1","0","0","0","0","1","1","4","2","1","1","0","2","1","1","1","1","2","3","2","1","2","1","1","0","1","3","1","1","0","1","1","1","1","1","1","0","4","4","1","2","1","1","1","1","1","1","1","1","1","1","0","1","0","2","1","2","2","2","1","1","1","1","2","2","1","0","0","1","3","1","3","3","3","1","1","1","1","1"
"Infilling/Landfill","0","1","2","2","0","2","2","3","1","0","0","1","4","0","0","0","1","0","0","0","0","0","0","0","1","0","1","0","0","5","0","0","1","1","1","1","0","2","2","2","2","0","1","0","1","0","2","1","1","1","1","0","0","2","1","0","2","0","3","1","1","1","1","0","1","0","1","1","1","1","1","0","0","1","3","1","0","0","0","1","0","0","0","0","0","0","0","1","1","0","2","2","2","2","1","1","1","0","2","1","2","2","3","1","3","2","2","1","1","5","2","0","1","0","2","0","2","0","0","1","1","1","0","1","1","0","0","2","1","3","3","1","1","1","0","0","0","0","1","1","0","1","2","2","2","2","1","0","0","0","2","1","1","1","1","1","2","1","2","3","3","3","3","1","3","1","1","1","1","1","3","3","3","3","3","3","0","0","0","0","0","0","3","1","4","1","2","4","0","4","4","4","0","2","2","0","0","0","1","3","1","4","4","3","2","1","1","2","4","1","0","1","0","3","3","1","1","3","2","2","1","0","0","0","3","3","0","1","0","0","0","1","2","4","1","1","5","5","3","2","2","2","1","0","1","2","2","1","1","3","1","3","1","3","1","3","3","1","1","0","0","0","0","0","1","1","4","3","1","4","2","0","0","0","0","0","0","1","0","1","0","2","0","0","0","1","0","2","1","0","0","1","0","0","0","2","1","2","0","0","0","0","0","0","0","0","1","1","0","1","0","0","1","2","1","2","0","0","0","1","2","1","3","2","2","2","1","2","2","1","2","2","2","0","0","0","0","0","2","1","1","5","2","1","0","1","3","0","0","0","0","0","0","1","0","0","1","0","2","0","0","2","0","2","1","0","0","0","0","1","0","1","0","0","5","0","3","2","3","2","5","0","0","0","3"
"Agricultural Runoff","1","1","4","4","5","5","5","5","5","4","5","5","4","5","1","1","0","0","1","1","1","3","3","0","0","1","2","0","1","5","0","5","3","3","3","3","2","2","0","0","0","1","1","1","3","1","0","0","0","1","1","3","0","1","3","1","1","0","2","0","0","0","0","0","0","0","0","0","0","0","0","1","1","1","1","1","0","1","1","0","1","0","0","0","1","1","1","4","0","1","0","0","2","0","0","0","0","1","1","2","1","1","0","3","1","1","0","1","0","1","1","0","3","1","4","1","0","0","0","0","0","0","2","1","2","1","3","2","3","2","0","0","5","5","0","0","1","0","0","1","1","0","1","1","1","1","1","1","0","0","0","0","1","0","0","0","0","0","0","0","1","0","0","1","1","0","0","1","1","1","0","0","3","0","0","0","0","2","0","0","0","0","3","4","1","1","5","0","0","0","1","0","1","3","0","0","1","0","2","1","3","1","4","3","2","3","2","2","2","3","1","1","0","1","1","0","0","1","0","0","3","1","0","1","0","1","1","1","2","1","1","1","0","2","2","3","5","5","2","3","2","2","1","5","5","1","4","1","2","3","2","3","1","0","0","0","0","0","0","1","0","1","2","0","3","1","5","1","1","2","5","1","0","0","1","2","0","1","1","1","1","1","0","1","0","0","4","1","1","0","0","0","0","0","0","1","1","4","1","1","1","1","0","0","1","0","2","0","1","4","1","4","2","4","0","5","3","1","1","1","1","1","1","3","3","3","5","1","4","5","0","2","2","3","1","1","3","1","4","4","5","0","0","0","0","0","1","1","3","1","0","0","0","1","1","0","0","0","4","0","4","5","0","2","1","5","5","4","1","2","1","5","0","1","4","5","1","1","5","5","5","2","5","1","1"
"Urban Runoff","2","1","1","1","0","1","2","2","3","1","1","0","1","0","1","3","1","3","3","3","1","1","1","1","4","4","4","1","3","3","3","2","2","2","2","2","1","4","5","5","5","1","2","3","4","1","1","1","1","1","2","1","0","1","1","0","1","0","1","3","3","3","4","4","4","4","4","4","4","4","4","2","4","4","1","0","4","4","4","5","5","2","5","4","1","5","1","1","5","2","4","4","3","0","4","1","4","3","2","1","1","1","4","4","3","1","1","1","1","2","0","5","1","1","5","1","1","1","0","2","5","4","5","2","4","3","4","3","4","5","4","4","1","5","2","4","3","0","0","2","1","3","1","1","1","1","1","0","0","1","2","1","1","1","1","1","2","3","2","3","5","1","3","3","5","3","3","5","3","3","5","3","3","3","3","5","4","4","4","4","4","4","1","1","4","5","3","4","1","5","4","5","1","2","0","1","1","0","5","1","1","5","4","4","3","4","3","3","5","3","3","5","1","1","1","3","3","3","5","5","0","1","0","1","1","1","1","1","4","1","1","1","2","2","4","1","5","5","2","1","4","4","4","4","5","1","4","3","3","3","3","2","1","5","2","4","1","5","4","0","0","1","2","0","3","1","5","1","1","4","3","1","0","0","1","2","0","1","0","0","1","4","4","4","3","1","2","4","4","1","2","3","4","3","3","2","1","4","2","2","1","1","1","0","1","1","1","2","0","2","1","1","0","4","0","1","1","1","4","1","4","3","1","3","4","4","4","4","1","1","2","2","3","3","1","2","1","1","2","2","1","5","1","3","1","1","2","1","4","5","4","4","1","3","4","1","0","0","3","0","0","3","2","2","1","0","1","3","0","2","0","4","1","0","2","3","1","1","5","5","4","0","5","1","2"
"Chemical Spray Drift","0","0","0","1","3","2","3","1","3","1","0","0","1","3","1","0","1","1","1","1","1","1","1","0","2","1","0","0","0","1","0","0","0","0","0","0","0","2","1","1","1","1","1","0","2","1","0","0","0","1","1","1","0","0","0","0","2","0","0","1","2","1","1","0","2","2","1","2","2","1","2","0","0","1","1","1","0","0","0","1","1","0","0","1","2","0","1","1","0","0","1","0","0","0","0","0","0","2","1","1","1","0","0","2","2","1","0","0","1","0","0","1","3","1","2","2","0","0","1","0","1","1","1","1","2","3","2","1","2","3","0","0","1","1","1","1","0","0","0","0","0","0","0","1","0","0","0","0","0","0","0","0","0","0","0","0","0","0","2","0","2","2","0","2","0","2","2","2","2","2","0","0","0","0","0","0","0","1","0","0","0","2","0","0","2","3","1","0","0","2","2","0","1","0","0","2","0","0","3","1","1","3","3","3","1","3","1","3","1","0","0","0","0","2","2","2","2","0","1","0","0","0","0","0","2","0","0","0","0","0","0","0","0","2","0","0","5","4","3","3","2","3","3","1","3","2","1","3","2","3","2","3","1","0","1","1","1","2","3","0","0","1","1","0","0","0","2","1","0","0","0","1","0","0","1","1","1","0","0","0","0","1","0","1","1","0","0","2","2","0","0","2","1","0","0","2","0","1","0","1","0","0","0","0","0","0","1","0","1","1","1","3","0","1","0","4","1","0","1","1","2","0","1","2","1","0","1","0","0","0","0","2","2","0","1","0","0","0","1","0","1","2","0","1","1","0","1","3","0","0","0","1","0","1","0","0","0","1","2","0","0","0","0","0","1","0","0","1","1","4","3","1","0","1","0","2","2","2","3","1","2","0","1","0","2"
"Chemical Pollution","0","1","2","3","0","2","1","1","1","1","1","1","2","0","2","1","1","3","2","3","3","3","3","1","1","2","2","1","3","3","1","3","1","1","1","1","1","3","2","2","1","2","1","1","1","1","1","2","2","1","2","1","0","0","1","0","0","0","0","1","1","1","2","2","1","2","4","2","4","3","4","1","1","2","2","2","2","2","2","2","4","2","2","2","3","0","2","2","2","1","3","2","1","0","2","1","3","2","2","1","2","1","1","3","0","1","1","0","1","0","1","1","1","1","3","1","0","1","1","0","2","2","2","3","1","1","2","2","2","4","1","1","2","4","1","2","1","0","1","1","1","1","1","1","1","1","1","4","0","2","0","2","1","1","1","2","1","1","1","1","1","1","1","1","0","1","1","1","1","1","1","1","1","1","1","2","1","1","1","1","1","1","4","4","3","2","2","2","1","2","2","2","1","0","0","1","1","0","3","5","5","2","3","2","2","3","2","2","3","1","1","1","1","1","1","1","1","2","2","2","0","1","1","1","2","1","1","2","1","1","1","2","2","1","4","4","4","4","4","2","1","2","2","3","4","1","3","4","2","4","1","4","2","1","2","1","2","2","3","1","0","1","1","0","1","1","2","1","1","2","1","2","0","0","1","2","1","1","0","1","1","2","0","2","1","0","2","2","2","0","0","2","2","0","1","2","2","2","1","1","0","1","0","1","0","0","0","0","1","2","3","2","0","3","0","3","1","0","2","2","1","2","3","2","1","2","2","2","1","1","0","1","1","0","2","1","0","0","0","2","3","2","2","2","2","2","2","2","2","2","2","2","","2","2","0","0","1","2","0","","2","0","0","1","2","0","2","1","1","1","1","1","1","0","2","2","0","3","4","3","0","2","1","0"
"Altered Hydrology (Tidal)","3","2","2","5","3","1","2","3","3","3","3","5","2","4","1","1","0","2","2","2","3","3","2","0","0","0","1","1","4","2","1","0","0","0","0","0","0","0","2","2","3","0","1","3","2","2","1","2","2","1","3","2","0","3","2","2","1","0","1","1","1","1","2","1","1","1","1","1","1","1","1","1","2","0","1","2","0","1","0","1","0","0","2","1","1","4","4","2","4","1","3","2","2","3","2","0","1","3","3","0","3","1","4","2","0","5","0","1","1","1","1","0","1","0","3","0","0","1","1","1","1","1","3","3","1","1","2","1","2","1","3","3","2","5","1","2","0","0","2","2","2","2","3","3","3","4","0","1","1","1","1","0","0","0","0","0","4","0","5","3","4","3","3","3","5","4","3","3","0","3","0","0","4","0","0","0","0","0","3","1","3","1","1","2","4","4","5","4","2","5","4","5","4","2","0","4","4","2","1","0","0","4","4","1","2","3","2","4","3","1","0","1","1","3","3","1","1","1","3","2","0","3","0","5","3","3","1","1","0","2","5","1","0","2","1","2","4","4","3","3","1","3","2","3","5","1","0","3","4","3","2","3","2","1","3","1","0","3","3","0","1","0","0","0","1","1","3","1","2","0","3","1","0","0","1","1","1","0","0","0","0","2","0","0","0","1","2","4","1","0","0","1","2","0","1","1","2","2","3","0","3","1","4","1","0","0","0","1","0","2","2","2","0","0","0","0","0","0","1","3","3","2","2","2","1","2","1","4","3","3","2","2","3","2","0","0","0","1","1","3","0","3","3","3","3","3","4","3","2","4","2","2","2","3","3","2","3","1","5","0","2","0","2","1","0","2","1","0","1","0","2","1","0","2","4","3","3","4","3","3","4","1","2","2","4"
"Altered Hydrology (Fresh)","0","3","1","3","0","0","0","3","0","0","0","3","1","0","0","0","1","3","3","3","0","3","3","0","3","3","1","1","3","3","1","0","0","0","0","0","0","4","3","3","3","0","0","3","1","1","0","3","3","0","0","3","0","0","3","1","0","0","1","3","3","3","3","3","3","3","3","3","3","3","3","3","3","1","0","0","0","3","3","1","0","0","3","1","0","3","3","0","3","0","3","0","3","3","3","0","3","3","3","0","3","0","4","3","0","0","0","0","1","1","0","3","4","0","3","0","0","0","0","1","3","3","3","1","2","1","3","3","3","3","3","3","3","3","3","3","3","0","3","3","3","3","3","3","3","5","0","0","0","0","0","0","0","3","0","0","3","3","3","3","5","3","3","3","3","3","3","1","3","3","3","3","3","3","3","0","3","3","3","3","3","3","5","3","3","1","3","3","0","3","3","3","3","3","0","1","3","0","1","3","3","5","2","3","1","3","3","3","4","0","0","0","0","3","3","3","3","3","3","1","0","3","0","3","3","3","0","3","0","3","3","3","0","1","3","3","3","3","3","0","3","3","1","1","1","1","0","3","3","3","3","3","3","3","1","3","0","3","1","0","0","0","0","0","0","1","3","3","0","0","3","0","0","0","0","0","0","0","0","0","0","3","0","0","5","1","4","3","1","0","0","0","0","3","0","3","1","1","0","3","0","0","3","0","0","0","0","1","1","1","0","1","0","3","0","4","1","0","0","3","3","3","0","1","3","1","3","3","3","3","3","3","3","1","2","0","0","0","0","4","4","","3","3","3","3","4","3","3","3","3","1","3","3","3","3","1","1","4","0","0","4","0","0","0","4","0","4","0","3","1","3","0","0","5","3","3","3","4","5","3","3","3","3","0"
"Buffer Zone condition","3","1","1","5","3","1","1","3","2","1","2","5","1","5","0","2","0","2","2","2","2","2","1","0","0","4","5","2","4","5","2","5","0","0","0","0","0","3","4","4","2","2","3","3","3","2","3","2","2","3","3","3","0","1","3","1","2","0","1","4","4","4","4","3","4","4","4","3","4","4","4","4","3","4","3","2","3","5","4","3","4","3","4","2","3","5","4","4","5","1","3","2","0","2","3","3","3","3","4","0","1","1","3","3","2","2","0","1","2","1","0","3","4","0","4","2","1","0","0","0","3","3","4","2","5","4","4","3","4","3","1","4","4","5","1","1","4","1","2","2","2","2","2","3","2","2","3","2","2","1","1","1","2","2","2","2","5","5","5","5","5","5","5","5","5","5","5","5","5","5","1","1","1","1","1","4","4","4","3","3","3","4","5","5","5","0","5","5","1","5","3","5","2","1","0","2","2","2","3","1","2","5","3","5","2","2","2","4","4","0","2","3","0","2","2","3","3","1","5","5","2","1","2","1","3","3","1","3","0","1","1","3","0","2","2","2","5","3","2","3","5","0","3","5","5","2","2","2","1","2","2","2","3","5","1","5","1","5","0","2","1","3","0","1","1","0","1","4","4","0","5","3","0","0","2","1","3","2","2","0","2","1","5","5","4","5","3","5","2","2","3","2","2","0","0","4","0","2","0","3","0","1","0","0","0","0","2","0","1","0","2","3","2","2","0","5","1","0","4","3","4","4","2","4","3","3","5","4","2","3","3","5","5","1","1","1","3","0","2","3","5","5","5","5","5","3","4","4","3","3","5","3","2","4","3","1","2","3","2","0","","2","5","0","0","5","5","5","2","2","0","5","0","0","5","5","5","5","1","5","3","5","3","3","5"
"Coastal Squeeze","5","4","4","5","1","4","4","3","4","3","4","1","3","0","1","0","0","3","3","3","4","3","3","0","4","2","5","2","1","5","2","5","0","0","0","0","0","4","3","3","4","0","0","3","3","2","3","1","3","1","0","3","0","3","3","2","1","0","1","4","4","4","3","3","3","3","3","3","3","3","3","4","4","4","4","5","4","4","3","4","4","3","5","3","4","0","4","3","3","4","4","4","2","3","4","3","4","1","4","0","4","4","5","3","3","4","0","2","0","4","0","4","3","0","3","4","0","0","0","0","3","3","1","0","4","3","3","3","3","3","3","4","3","4","1","2","3","0","4","4","4","4","4","5","5","5","1","0","1","0","0","3","3","3","3","3","4","5","3","5","4","4","4","3","5","3","3","5","4","4","3","3","3","3","3","4","4","4","3","4","4","4","5","5","1","4","4","3","3","4","3","4","4","4","0","4","4","2","3","0","0","5","4","3","2","3","3","4","3","3","0","4","0","0","0","3","3","4","4","0","1","4","4","0","3","3","1","4","0","4","0","3","0","4","3","3","5","5","3","3","2","4","2","5","5","2","2","0","1","1","1","0","3","1","4","2","5","4","4","0","2","0","1","0","2","0","4","3","4","0","5","2","0","0","1","0","0","0","0","0","0","4","3","3","5","5","3","4","3","1","1","0","3","3","0","4","4","0","2","0","1","1","1","0","1","0","4","0","1","1","0","1","1","0","0","3","0","0","4","3","4","3","4","3","3","4","4","5","3","3","4","1","5","3","1","0","0","3","3","4","5","5","5","3","4","4","4","3","3","3","4","1","5","3","3","1","3","3","2","2","3","4","0","3","3","3","3","3","0","0","2","5","0","0","5","5","5","3","3","3","","2","0","4","3"
"Terrestrial Retreat","0","0","0","0","1","0","0","0","0","0","0","0","0","0","1","0","1","0","0","0","0","1","0","0","0","0","1","0","1","0","0","0","1","0","0","0","0","1","1","1","1","1","1","2","1","1","2","0","0","1","0","0","0","0","0","2","1","0","3","0","0","0","1","0","1","0","0","0","0","1","0","0","0","1","0","2","0","0","1","0","1","0","0","0","1","0","0","0","0","0","1","0","0","0","0","0","0","1","3","0","1","0","0","2","1","0","0","0","1","1","0","1","3","0","3","0","0","1","0","1","1","1","1","0","2","2","1","2","1","1","2","0","1","2","1","1","1","1","0","0","0","0","0","0","0","0","0","0","0","1","1","0","0","0","0","0","0","0","0","0","0","0","0","0","0","0","0","0","0","0","1","0","1","0","0","0","0","1","0","1","1","0","1","2","0","0","0","0","0","0","0","0","0","0","0","0","0","2","1","2","1","4","4","2","1","3","1","3","2","1","1","1","0","2","1","3","3","1","1","3","1","1","1","1","2","0","1","0","0","0","1","0","1","3","0","0","1","1","2","1","0","1","1","1","2","1","3","3","2","2","2","2","2","0","2","0","1","1","1","1","0","1","1","0","2","1","3","1","1","0","0","1","0","0","1","2","1","1","1","1","1","1","0","0","0","0","2","1","1","0","0","1","1","0","0","1","0","1","1","1","1","2","1","1","0","1","1","0","1","1","2","2","1","4","0","0","2","0","1","1","0","0","0","1","0","0","2","0","0","0","0","0","0","1","1","1","1","1","2","2","0","0","0","","0","0","1","0","1","0","0","1","0","1","0","1","0","0","1","1","2","1","1","0","1","0","1","2","1","0","1","3","0","0","0","2","0","2","1","2","3","1","1","1","1"
"Mangrove Encroachment","2","1","2","1","3","3","2","3","2","3","3","1","3","3","1","1","2","2","2","2","2","1","1","1","5","1","3","2","3","4","3","3","4","4","3","3","3","3","2","2","1","2","2","2","2","1","3","3","3","1","2","2","2","1","2","3","3","1","3","2","2","1","1","1","4","2","1","2","2","2","2","2","3","3","3","2","3","3","4","2","3","4","5","3","4","5","3","2","5","1","3","2","4","4","3","2","3","2","4","1","5","5","2","3","4","3","4","2","1","2","1","2","2","1","5","0","0","0","0","2","1","3","2","3","2","3","3","2","3","3","3","1","5","1","2","0","4","2","2","2","3","3","3","3","4","3","3","1","1","2","2","3","3","3","3","3","3","2","2","3","3","4","1","2","3","1","2","2","4","2","5","4","4","4","4","3","2","3","2","2","2","2","3","3","3","3","1","0","1","0","0","0","1","2","1","3","3","4","3","3","3","4","5","3","1","3","3","4","3","5","3","3","3","3","3","2","2","1","1","3","1","1","2","1","1","0","1","1","0","1","2","1","1","2","2","2","5","5","4","3","4","3","1","3","5","3","4","2","3","2","3","2","2","4","3","4","3","3","1","3","0","1","3","0","3","1","5","2","3","3","2","3","1","0","4","3","3","5","3","3","3","3","3","3","2","1","3","3","4","4","4","1","3","3","3","2","4","3","5","4","5","3","5","4","3","1","2","4","4","4","1","1","5","2","2","4","2","3","3","3","1","3","2","2","2","4","5","2","1","1","1","1","2","3","2","3","1","3","2","2","3","5","2","3","5","3","4","2","3","1","2","3","5","3","2","4","2","5","2","1","2","3","1","2","0","0","5","2","3","5","2","4","3","1","3","3","3","","1","2","1","2","2","4","4"
"Weeds","0","0","0","0","0","0","0","0","0","0","0","0","0","0","0","1","0","1","1","1","0","1","1","1","0","0","0","0","1","0","0","0","2","2","2","2","1","1","2","2","1","0","0","0","0","0","1","0","0","1","1","0","0","0","0","1","1","0","2","1","1","1","1","0","1","0","1","1","1","1","1","0","0","0","0","0","0","0","0","1","0","0","0","0","1","0","0","0","0","0","0","0","0","0","2","0","0","0","3","2","2","1","0","2","1","0","0","0","1","2","0","0","2","0","3","2","0","2","1","1","0","0","1","0","2","1","0","2","0","2","0","0","0","0","1","1","1","1","0","0","0","0","0","0","0","0","0","0","0","0","0","0","0","0","0","0","0","0","0","0","0","0","1","0","0","0","0","0","1","0","2","0","0","0","0","0","0","0","0","0","0","0","0","0","1","1","0","0","0","1","1","1","0","0","0","0","0","0","0","1","2","3","3","2","1","2","1","2","3","1","0","0","1","1","1","2","2","2","1","1","1","1","3","1","2","0","1","0","0","1","1","0","0","3","1","1","1","0","2","1","1","3","2","2","2","2","3","2","1","2","1","2","1","1","0","1","5","2","2","0","0","0","1","0","3","1","0","0","0","0","0","0","0","0","1","0","0","0","1","0","0","0","1","1","0","0","2","2","0","0","0","0","0","0","1","0","0","1","0","0","0","0","0","0","0","0","0","1","0","1","1","1","0","0","1","2","0","0","1","1","0","1","0","2","0","0","1","0","0","0","0","0","0","1","0","1","0","1","2","0","0","","0","0","0","0","0","0","1","0","0","1","0","0","0","2","2","1","1","0","0","0","0","0","1","0","0","0","0","2","0","0","1","0","1","1","0","0","2","0","0","2","0","0","1"
"Drought/Water Stress","3","3","3","0","2","3","2","2","1","1","3","0","2","1","0","1","1","3","2","3","2","3","3","0","0","0","1","0","0","2","0","0","1","1","1","1","0","1","1","1","1","1","1","0","2","2","0","1","1","1","1","1","2","1","1","1","1","2","2","3","3","3","2","3","3","3","2","4","3","2","3","1","0","0","0","5","0","0","0","0","3","1","0","0","0","0","0","5","1","0","2","2","0","2","2","1","1","1","1","1","1","1","5","2","2","2","1","2","2","3","1","5","2","1","2","3","1","1","1","1","2","1","0","1","4","1","2","1","2","1","2","3","2","1","1","1","1","2","1","1","1","1","1","1","1","1","2","2","2","1","1","3","2","2","2","3","1","4","1","1","1","1","1","4","1","2","4","4","4","4","2","3","2","2","2","3","3","3","1","3","3","3","1","1","1","2","1","2","1","5","3","5","2","2","0","2","2","0","1","1","1","3","3","1","1","3","1","2","1","2","1","2","1","1","2","2","3","3","3","5","2","2","0","3","2","1","1","1","1","1","3","1","1","1","1","1","1","2","2","2","1","0","1","1","2","2","3","2","2","1","1","0","2","1","1","1","3","1","2","1","0","1","1","0","0","1","0","2","3","2","2","1","0","0","1","1","1","1","1","1","1","0","0","0","0","0","1","1","1","1","1","1","1","0","0","0","0","1","0","0","1","0","0","0","0","0","0","1","0","1","1","1","1","0","1","0","1","0","1","2","1","1","1","1","1","1","1","0","0","0","0","1","1","2","1","1","2","1","2","3","3","0","0","0","0","1","1","0","1","0","2","0","0","1","0","0","1","1","2","0","0","1","0","0","0","0","1","0","1","1","1","1","1","2","1","2","1","2","1","2","2","1","1","0","0"
"Value this because..","Bird watching, beautiful","Birds, crabs, fish, sharks, rays habitat, breeding","Conservation, water quality, Great Barrier Reef, fishing","Pretty","","","It is an important ecosystem with its own specifics","Because it is important to buffer what goes to the reef, and to stop river side erosion","Habitat for crabs,fishand other animals, buffer for human land use, buffer for sediment reduction going out to the reef","Important under valued ecosystem","Beautiful, bird watching","Beautiful","Under loved but important ecosystem with cool plants surviving in harsh conditions","","Protecting natural habitats","Fauna habitat and feeding. Existence value. Beautiful site.","It is an important interface between the tidal movements and the surrounding environment. Play a critical role in the natural ecosystem of a protected tidal structure","Climate change mitigation","Habitat value","","Connectivity to marine biome","Because of its ability to transform carbon!","Ecosystem services","An important interface between the above tide boundary and the open inlet","Beauty. Habitat for native flora and fauna. Outdoor space.Solitude. coastal protection. Bufferzone from urban development.","","Carbon sink oxygen factory marine nursery and beautiful","It's part of the eco-system","Beautiful and peaceful, birds","Natural area, breeding habitat, feeding area","Natural habitat for plants and animals. Buffer zone between coastal area and human development","Because it’s not buildings","They are very  important for fishhabitat","All the unique plant species in this area.","Fish and bird habitat, critical for coastal protection.","They are the nursery and carbon stores","Great to see the native species enjoying there habitat","Abundance of life","Absolutely critical to Human survival.","It’s an important for the marine life here","It keeps the ocean and the reef healthy!","","","As it’s a valuable ecosystem that supports many different species","This saltbmarsh is similar to site 1 but has a larger area. I think it is also an important area for flora and fauna to inhabit, especially when urban areas are directly adjacent to the saltmarsh","I think that the Saltmarsh is a value part of the ecosystem that is usually under appreciated. It provides a niche habitat for various flora and fauna that can sometimes not be found elsewhere","As it is a very important ecosystem that supports lots of different species! It doesn’t get the recognition that it should!!","","","","","","It‘s beautiful and calm and has interesting species living there","","The saltmarsh is an extension of the land and sea we live with.","Cool species here and is a home to them","Feeding ground for birds","","Very interesting and unique species lay here!","Becaide it is the nursing ground for fish","Important environment","","High ecological value, fish nursery and beauty","Biodiversity, very different habitat to adjacent areas","I value the salt marsh as it is an important local ecosystem that is home to wildlife and plant life","Biodiversity, associated with complementing adjacent wetland areas .biology","I want to learn more about nature and the names of the things.","It's my backyard and I want to learn more.my grandkids love exploring","It makes up my back yard so I want to know more and how to protect it","For the many ecosystem services it provides, and strong root systems providing natural protection to the area. Also high value as habitat and fish nursery.","I value the Saltmarsh as it is an important ecosystem in our local area and home to some iconic species and plant life","Untouched","Can be used for educational purposes with the boardwalk. Tourism value and natural values.","Good cover of samphire","Habitat for migratory birds","Stopping errosion","Excellent","Carbon source, high biodiversity, aesthetics","Peaceful, bird-watching,butterfly watching","It's a large saltmarsh in a vast wetland. A peaceful place full of life","Ecosystem values in a harsh environment","Important for threatened species and habitats away from humans","Fascinating habitat, waterbird habitat, visual amenity, see natural pattern of habitat ecotones","Highly valuable","Beautiful place to come and be in nature country. super accessible from where I live","","Excellent","Great","Important ecosystem for certain species, buffer zone, attracts birds and other species which attracts tourists and nature lovers","Ecological value in a harsh environment","Important part of our environment","The saltmarsh is part of where we live, it is our job to understand and take care of it.","It’s important to the tidal zones","","As a pivotal part of our ecosystem","I value the land we live on, and the intricate systems that make our world what it is. The saltmarsh is just another tiny piece of the big big picture.","","It’s an important part of the tidal zone","Biodiversity. Cultural value.","Important place for biodiversity","Biodiversity. Aesthetic cultural value.","Provides protection for key species","Because it possesses a significant habitat value for birds and fish as well as protecting human residential areas","Aesthetic, cultural, recreational value. Carbon sink. Important habitat for wildlife and biodiversity.","Interesting to study and imp fpr ecosystem","Buffer zone","Beautiful mangrove trees","","It poses as a habitat for many animals","Interesting ecosystem","Many diverse animals, carbon sink","","Very imp for the ecosystem","Buffer zone","Carbon sink, cultural value, aesthetic, recreational value","","Important for biodiversity","They provide an important place for nursery and migratory birds","It could be important habitat for crabs, snails and mudskippers. The algal mats present in salt marshes act as carbon sinks. Storing carbon dioxide beneath the ground.","","Because it is the nursery of the fish and home to many species","Love all things natural","Natures nursery and filter for everything in the sea","It protects our oceans! It provides habitat for many species of birds and animals.","Salt marshes are the breeding ground for major sea species","So important to maintain the clean beautiful oceans. The salt marsh acts like a huge kidney to filter and purify the water that goes through it! Without the salt marsh we will loose the reef.","I value all areas of surviving native vegetation","For the ecological value to terrestrial and plant species","Because they are in my backyard so I want to learn more and protect them","Very beautiful and good habit for many species","","Unique","Useful to migratory birds which promote bio diversity.","Source of food, but airport and agricultural are poisoning the land and animals.","Useful culturally and would be more so if it often inundated with Saltwater tidal flow.","Large presence of long bum snails, but it is so dry the overwhelming majority have died.","Source of food.","Important habitat.","Important for ecosystem as habitat and feeding ground.","Important habitat","Beautiful area, ecosystem services","They are impirant and understudjed ecosystems","Because they are under studied but still valuable ecosystems","Important for fish habitats and migratory birds, as well as filtering water.","Beautiful area with high diversity","Carbon storage capabilities","","Interesting plants","","","Because it serves as a good natural carbon storage","Because it acts as a support for mangroves and other ecosystems","Varied ecosystems","","Has some interesting looking plants.","The wetlands being anursery for fish is pretty evident atBushlandbeach","Important in connectivity of ecosysrms","Vital for connectivity of ecosystem functioning","Buffer zone, natural environment on urban edge","Beautiful space, plenty of fish food, natural protection against floods","Ecosystem connectivity","Diversity of species, carbon capture","Important habitat and flood protection","I am just learning about salt marshes but I value the diversity of species, the carbon containment value and its value to the whole ecosystem","Provides beautiful scenery, habitat for crabs and snails, blue carbon ecosystem","Natural buffer zone, wilderness on edge of urban areas.","Beautiful and important natural habitat! So important for climate change too.","Ecological importance","Beautiful nature, habitat, blue carbon resource, protect animal species","Natural environment in a heavily impacted area","Carbon storage, habitat, biodiversity","Biodiversity, buffer zone that protects urban area and the reef","Biodiversity and keeping native species alive and thriving","","","Biodiversity","Necessary buffer zone to protecturban areas and the reef","Biodiversity and different biomes across the world are equally as important and work together to keep the earth sustainable. I’m glad I got to learn today about why salt marshes are an important biome to Townsville as well.","Coastal protection, native species habitat, buffer for pollutants entering waterways","An important habitat with regards to flood control","They are important in helping reduce flooding and a critical habitat for species","Cultural importance","Wildlife habitat. Biodiversity. Water quality improvement","Wildlife habitat, fish habitat","High","Extremely important","It’s beautiful and so important for many different species","Aesthetic and ecological importance","Visual amenity","The are important local ecosystems.","","Buffer zone, ecological services, aesthetic beauty","Ecosystem services and cultural values","More space and cleaner than other site","Love it","Because of it’s ecosystem services and cultural values","Used foe cultural tours","Cultural site","I value the salt marsh because I enjoy learning about our local ecosystem and gaining knowledge of the environment","Because we want to keep the saltmarsh safe","To ensure the animals in the area have a healthy habitat for the ecosystem to keep running in local areas","Because its very important to our eco system","Because it protect our mangroves and our shoreline","Beautiful habitat that supports lots of vulnerable life","For habitat management for species","Local environment and I want to learn more to help the ecosystems surrounding","To keep the ecosystem safe and room for expansion","It is the most valuable part of the natural coastal environment and is a food source for thousands of species plant animal and humans. The lungs of the waterways.","It helps with the hole system. I love the outdoors","","It is an important habitat that is associated closely with mangroves","It provides a valuable buffer zone between houses and mangroves and the water ways","Birth","","","","Diversity","Protects Townsville fromfloods","They ate great","Habitat and werosion control","","Important ecosystem","","Important ecosystem","","for birds and as a buffer zone and natural biodiversity","Because it protects the environment","Big space, good views.Protects Townsville from flooding.","Salt marsh protects wildlife and helps the ecosystem","Because it is so important for our ecosystem","Cause it's an important ecosystem and provides habitat and food for migratory birds and otherspecies","Natural habitat protecting infrastructure","Saltmarsh helps the environment, ecosystem and wildlife","","Large open natural space near human land use","Open natural space adjacent to human land use","Functionality within the waterways ecosystems","For its functionalities in the environment and the benefits for the marine environment","","","Acts as a buffer zone","","","Because they are apart of my surroundings environment so I want to be educated on their importances","They essentially ecosystem for our marine life","The importance of saltmarsh and the impact it hastowards environment","its apart of the eco system within Mackay and I would like to k ow more","The saltmarsh isnaturally important for protecting themangrove and has high interconnectivity.","Naturalvalue, habitat and integrated with mangrove systems","Habitat connectivity,","As connectivity between habitats","","Good for blue carbon","Valuable buffer to urbanization against flooding and erosion","","","","Ecosystem services and urban buffer zone, aesthetic beauty","","","","","","Environmental impact","","because It is a unique ecosystem tha plays a essential part in ourworld","Very good condition","Saltmarshes are an important part of the aquatic ecosystem.","Habitat, biodiversity, coastal buffer, carbon sink, filter runoff","The diversity or the site","It’s a habitat for many species and is essential for our existence","","I value saltmarsh to keep sea country healthy","I value saltmarsh to keep sea country healthy","","","Very untouched","","","great little salt marsh","","Its natural land area right near suburbia","It is the basis of biodiversity and the fringe between human and nature.","It will provide diversity of ecosystem and can be the corridor for the birds.","Needs some tender love and care","Pretty and marine nursery","H","Protects the reef from harmful run off, protects housing from flooding","Saltmash protects us and is a valuable habitat","Beautiful. First time visit and leaned the biodiversity.","Feel the possibility of culturally value.","Peaceful place to come see different wildlife,easy to access","","Beautiful and pristine","Birds and watching the different crab types","Crustacean dense environment. Aesthetically pleasing. Important food source for wildlife.","Gives me air to breathe, carbon sink and marine nursery","Natural habitat for native species, carbon sink, protects housing against flooding","Important for maintaining mangrove and terrestrial ecology. Mangrove encroachment is imminent and intense. Important for learning and living.","Important habitat, sequestration, filtration, stability, cultural importance","It's an important ecosystem - critical for protecting our terrestrial ecosystems and providing important habitats for crabs, wading birds and other intertidal species","Ecological importance","Super fascinating ecosystem, lots of species rely on its health","Provide important ecosystem services","Saltmarshes are super cool because they are important ecosystems that provide habitat for various plants and animals. They help protect coastlines from erosion and filter pollutants from the water. Plus, they're just really beautiful to look at.","Bird and fish habits","","A safe place for mangroves to grow in","I value the care of saltmarsh to keep our rivers clean","","","Vital to ourecosystem","","I value saltmarsh to keep sea country healthy","Environmental importance","Because they are beautiful and provide invaluable ecosystem services and habitat","Low impact. High faunal diversity. Important fish habitat.","So pristine and one of the least impacted and accesible sites i have been to. Absolutely gorgeous and quiet and peaceful","For the habitat they give animals","It's good witha little pollutionand stressfrom adjacent urban areas","For its environmental and coastal protection values","Habitat/food source for bird and fish, water quality improvements","Diversity of habitat.  Love the life in the salt marshes. Aesthetic appeal.","They play a big role in keeping the natural environment healthy","critical habitat all native species, being the nursery and feeding area. Important carbon sink.Aesthetic and cultural values.","All is Linked… fisheries, land and water quality","Because they area apart of my local environment so they hold importance to me.","In a highly recreational use area and an important site for community education. Easy access to mangroves with boardwalk","","Fish habitat","It is in a fairly undisturbed area so looks pristine","","","It is a stunning site littered with many crab species and high density of snails and mudslippers. The site is picturesque and relatively easy to access. Relatively healthy.","It is an important habitait for multiple species","#NAME?","It is an important habitat for biodiversity, carbon storage and recreation. It is home to many crabs, birds, snails, and unique plants which are all important parts of the food chain.","Very valuable to surrounding environments and needs further protection","It provides habitat to local iconic animals and helps with carbon storage","","","Carbon sink oxygen factory marine nursery and beautiful","Carbon sink, marine nursery, oxygen factory and beautiful.","Because it’s a necessity to the ecosystem,Boardwalk access for others to come and enjoy","Ability for public to access and learn about an important and endangered environment","Accessibility is great for educational purposes","Beautiful nature in an urban environment","","","Important ecosystem","Important role in storm surges, natural beauty, food source for local wildlife","Incredible","Beautiful, habitat for bird species, filtering water protecting the reef, carbon storage","It Is a land buffer when there is coastal storms, carbon sink, nature reserve","Important ecosystem","Because it is part of the nursery along with mangroves for marine life and birds","Highly","","","","","","","","Environmental impact","","","","","","","","","","","","","","","","","","","",""
"Notable Features","Lookout to the deepwater channel is nice, peaceful spot","4","Minimal rubbish, ﹤5%bare ground","No","","","Since the site is quite new its wonderful to see how much its boomed","More access by vehicles at this time of year, compared to last year(in Oct Nov last year)","Beautiful, large, and greatly expanding since I have been monitoring","","Lots of samphire throughout the sedges across site","No","","","","One of the least disturbed sites.","This is one of the best example of a Saltmarsh area I have seen.","Lots of tyre tracks","Lots of traffic on site","","Many burnt out cars","Lots of burn out cars and trash","A few dead mangroves, a lot of hoon activity","","Unique space in urban area.","","More couch grass","","","Rubbish present but minimal. Minimal access by public, just some recreational fishing","Beauty unspoilt area","Seems to be a lower diversity of crab species present. Much more large mud crab holes adjacent to channels, and numerous tiny crab species but far less medium species than were present September last year","","The different coloured foliage","A fabulous area largely in disturbed.","Big open area with alga mat flat with lots of different types of samphire","It wouldbe good to have a feral cat catcher come to the area","Car dumping was a shame","The area is at high risk of further degradation and loss unless access is better controlled.","The constant driving is heavily impacting the site health","Beautiful, mostly nice, except for the rock road.","","","Dumped cars at site","This area has been significantly impacted by recreational vehicles driving on the saltmarsh. Lots of dumped cars","Very small site compared to site 2. Seems to be more untouched than site 2","Lots of dumped cars in this site","","","","","","","","At this site you can stand and look towards the mountains, it’s very nice to see the crabs and the birds and the view rivals the oonoonba site","Nope","","A lot of fiddler crabs, beautiful","Saw a few fiddler crabbies","Gold balls across","Algiers mats","","Nice to learn more about why we should value, peaceful place to be","","The birds and other species found, eg crabs, snails, mud skipper","","","More than 4 difficult mangrove trees spotted","Lots of alga mat and bird life","Great to learn more about it, it really helps to understand and value the area more.","We saw wallaby footprints which was incredible","Untiuched","Mangroves have been encroaching more and more as cairns has had wetter wet seasons.","","Good cover of samphire","Lots guenia grass","Surrounded by Guinea grass","","","Adjecent to industry but with no accessibility","Lots of mangrove saplings, algal mat present","Pristine. No human interference except us.","The JB mangroves Boardwalk is a treasure","","Great boardwalk, healthy trees","","","Surrounded by Guinea grass","Salt Marshseems to be shrinking. More mangroves than previous year","Lots of mangrove recruitment","","This site was beautiful, seemingly endless samphire and on the other side of the road was seemingly endless saltcouch","A lot of samphire","","","This site had a small bird I was not quick to identify, two curlews, and two other small birds I couldn’t identify","","Was a pretty and healthy zone","Different mangrove species.","","Beautiful mangrove species.","","","Saw spiders, yellow mangroves, mudskippers, aesthetic site.","More dampy mud site looks rich","","A lot of litter in the area, specifically in the mangrove tree area","","bottles and rubbish scattered","Add picture in the form for each percentage","","","Great site open and nice","","Mudskippers, crabs, local Ruby Saltbush present","","","","Alot of wheel tracks","","The public often use the saltmarsh as a place to drive and dumping group","Rubbish is a concern","Evidence of neighborhood driving on the property","","","","","No","Big drain flowing directly into saltmarsh","","","","Too much cattle passing through","Cattle have too free of access","","Too much vehicle access.","Fairly dry closer to the entrance but is swampy around mid way in.","Fairly untouched aside from cattle and feral animals.","","","","","","","Ceriops mangroves with very exposed roots, surface erosion evidentin mud flat","Large patch of dead mangrove from road","","","","","A lot of wet algal cover as well as young mangrove saplings","A lot of the uneven patches of land due to the use of 4WD and motor bikes","","","","","Good development of saltmarsh and mangrove vegetation","Site is still under pressure from surrounding urbanisation.","Elevated road cuts wetland in half.","Much more vegetated than last year, great diversity of mangroves (9 species of mangroves)","Big road in middle impacting hydrology","","Such vibrant colours","","","","I loved the diversity that people probably don't know about unless theylook","Lots of species present. Sea slugs where very interesting","Lots of snails! Amazing snail and crabs habitat","Couch is still there, looked a lot healthier than last year, probably because of the rain","transition of vegetation from water to upland area","Looked nicer than site 1, more crabs and birds present","Junk!! No more littering","","","Less crabs than last time. Before rains.","Site popular for recreational fishing and driving, burnt items scattered","Lots of trash :(","","","","Evidence of fires and burnt cars","Cattle. Nice pools for fish breeding","Cattle","Road limiting connectivity to river","Surrounded by urban structures","A pity the vehicle access is open when there is a gate there ready to be closed. Also gives access for dumping of rubbish of which there is quite a bit.","","","High variety of samphire","","","","More mangroves coming in","No","","Many birds use this site","No comments","The crabs were so interesting and the samphire was pretty","Abit of dumping like bikes etc","","","","Lots of sea slugs","Littering","diverse range of species","Littering is still ongoing we need to keep that down","","Very pretty and diverse","","","","","","","","Lots of human damage","Lots of animal tracks: dog, cattle, horse, pig, Brolga, emu, waders","Area high human activity amd power line","Nope","","","","","","large power poles with large tracks for maintenance. site has a track through to creek that fishers are using","","Good size","","","Some bird tracks from waders evident in area near mangroves","","Saltmarsh may look dry but underneath there's still moisture","","Dirt bike circuit with burned out abandoned cars","Through traffic for dirt bike course","","","","","Very high percentage of Samphire cover","Prickly pears cacti present","","Cattle damage and rubbish found around site","Airport drains run straight into channel adjacent to saltmarsh site. Farmer has a dam that drains directly into the site as well. Lots of cattle damage.","","","LOTS of burnt out cars","Lots ofhumanimpacts.","Highly impacted by recreation use ( dirt bikes) and car dumping","","Heaps of dirt bike activity and trash","","Dense clay, not much use due to military site, mostly samphire, some drought effects seen","","","","Sofa dumped, cactus","","","","","","None","","No","No","No","Car tracks throughout to access river for fishing","","No","","None","None","","","Thousands of small dead crab shells laying over whole salt couch","","","","","One teeny tint patch of kouch grass","The soil condition was dry and there were few ground cover.","","Lots of tyre tracks from vehicles and bikes. Not a lot of vegetation here","Dead sandy section seems like washed from somewhere","","Much drier then previous saltmarshes","Not many people around. But theres a gold course adjacent","","","Nice creek","","Lota of diversity in crabs, birds, vegetation type","High density ofsmall crabs and snails as well as small mudskippers","","No","H","Mangrove encroachment & death of trees on terrestrial bound due to salt increase as result of salt marsh narrowing","","","Low density of mangroves, some inland species present","Quite a lot of grey and river mangrove encroachment","High gastropod numbers","I love how saltmarshes have this unique mix of land and sea, creating a special environment where different species thrive.","Kangaroo tracks present and a number of small crabs seenscurrying around","","Runs alongside the Burnett mouth","","","","","","None","Large cone shell found","Farmland directly present","Crabs!","Lots of diversity in wildlife and vegetation","Feral or domestic cat prints and scattered bird feathers.","","","Snail/crab density in ponds","Terrible, the destruction of an area for a car park.  Destroyed a portion of this protected habitat.","Ferral cat problemneeds to be addressed. Found massive amount bird kills by cats","The boat trailer and car park encroaching into the salt marsh zone.","","","No salt couch or algal mat","","Used for tours and great for education","Saw lots of birds, crabs, and snails on the way in (ibis, wagtails, lorikeet, big crab). Close to lily creek","","","The site is beautiful and in good health- home to many species including mudskippers and small crabs.Easy accessibility means it has great potential as a public space for educational purposes","","Low-intensity cattle rearing adjacent to salt flat with juvenile tea tree","lots of crabs in the mangrove areas","Not much wildlife","Large patches of algae mat and some salt cooch","","","Airport, fuel toxins,","Healthy ecosystem.","Abundance of snails","Density of snails, flathead fish babies,","Boardwalk","","","","Lots of cone shells","","Hermit crab","Seaward migration of bufferzone of mangroveevident with numerous small mangrovescolonising site","Lots of elke snails","Significant noise pollution from airport","","Several distinct habitats","","","","","","","","","","","","","","","","","","","","","","","","","","","",""
"Threatened By..","Agricultural and residential development, in the long term, sea-level rise","Agricultural land use","Climate change, nearby agricultural use, major floods","Urban end ag","","","Humans:) climate change","Humans and climate change","Climate change and sea level rise","Human use and climate change","Urban  development, agricultural development, sea level rise","Urban and industrial development","Agricultural land use, climate change","","Humans","Vehicle use. Urban development","Human vehicle access","Human activity compacting soil","Human activity/ driving","","Urbanisation","Human impacts such as dumping trash, runoff from urban areas and sea level rise","Vehicles, development","","Cats, dogs, development, runoff,climate change","","lack of recognition","Sea level rise, development","","Mangroves, no area to expand, urban and garm run off","Refuse, sea level rise, climate change,","The man made golf course and road that preventsterrestrialretreat, increased large rain events","Humans","Humans","Future human activity","Erosion, drought, feral cats and potentially cattle","Feral animals","Run off from housing","Overuse recreationally, urban and industrial growth causing indirect impacts.","Vechile damage and erosion","Car use","","","Human impacts","Recreational activities is the greatest threat. The urban expansion of Bushland beach may also impact the saltmarsh (manipulating the land for urban areas)","This specific salt marsh seems to be mostly impacted by ve hike use on the land which may disrupt ecological processes. Sea level rise does not seem to be impacting this site yet","Human impacts","","","","I think the greatest threat for this saltmarsh would be pollution and the potential to change it into urban/agricultural use","","Human trash","","The community/the government doesn’t always see the land as an interconnected system but more as empty space that should be developed.","Human trampling","Humans","Human trash deposits","Climate change and humans","Erosion","Pollution","","Very close to residential/ urban area","Urban expansion.  Fresh water and chemical runoff from adjacent urban area","The salt marsh is most threatened by human use and infiltration due to lack of knowledge surrounding mangroves and sites","Urban expansion, fresh water","Combination of human activities, natural processes, and climate change.","Pollution","Erosion sea level rise, pollution, stormwater runoff and urban runoff","Urban encroachment and expansion is being blocked by residential area.","The salt marsh is threatened by the lack of knowledge surrounding mangroves by the community. This leads to then the site being used for housing and human use rather than being protected","Car wash","Coastal squeeze due to the airport road.","City developmnt","Mangrove encloarchment","","Grey mangroves","Mangroves encroachment","Sea level rise, polluted run off, could be used as dump site as it is hidden away","Human activity runoff","Direct runoff from industrial areas such as the car wash","Maybe aircraft (directly under flight path)","Mangroves incursion accelerated by nearby road preventing spread of saltmarsh.","Human presence mostly","Mangrove encrouchment from sea level rise, litter, airport pollution leaching into nearby creek","","Grey mangroves","Flood","Adjacent land use and pollution from road and airport","Land use, potentially from increased flooding from climate change","Human development","People who don’t know why the land is there, developers, dumping, the barracks","People","","Human development, climate change","Development, the Ross Island barracks potentially, landowners who may dump rubbish, and people who want to ride motorbikes on it","","People","Anthropogenic factors. Development area.","Human and climate","Development. Pollution.","Human and climate change","","Anthropogenic factors. Building infrastructure, water pollution, waste, noise pollution. Climate change. Flooding/Drought.","Human impact","Human activity","Humans, easy access via roads","","Human recreation","Misunderstanding and uneducation of general public","Human activities, tide impact","Human activities","Hum impact mostly","Urban development","Pollution, Construction of new buildings, Drought, Climate Change, Anthropogenic factors","Humans","Humans, little access to water","Human activities","Humans","","Vehicle damage and storm water run off","Humans","Driving on the marsh","Drain from a neighborhood pours into the salt marsh","Neighborhood drain flooding the marsh","Pollution from water drain from a neighborhood, pesticides from houses.","Humans","Run off, and pollutants","Chemical runoff, drain flowing directly into saltmarsh and urban runoff","Run off from housingand roads","Vehicle access","Lack of knowledge, stewardship, and legal protection","Cattle and pollution","Cattle and pollution by agricultural uses and the airport adjacent.","Potential land development","Vehicles and drought.","Urban run-off, human trampling and other human related impacts.","Cattle, feral animals.","Human activities","Humans","Climate change, development, hoons","Human activity","Human activity","Human presence","Hoons, sea level rise","Human encroachment","","","","","Motorbikes using the area for recreational use","Direct and indirect human activities","","","","","Human activity","Urbanisation, climate change, industrialisation","Extreme weather events, urbanisation.","Development, climate change","Urban encroachment","Human activity","Development and climate change","Human impact","The road, separation of habitat, runoff from road","Sea level rise, extreme weather events, urbanisation.","Climate change, development, dumping","urbanisation","This saltmarsh is threatened by the nearby neighborhood.It is likely that it receives a lot of pollution. There are also a lot of invasive species.","Urban develpment, hoons, dumping","lots of litter dumping, driving","Vehicles, littering","Humans, climate change","","","Human encroachment","Vehicle use, littering","Humans, and climate change","human disturbance, driving around","","Weeds and recreational human impact","Human encroachment","Cattle, PFAS","Cattle, coastal squeeze","Urbanization and run off","Land development","Human beings dumping rubbish and driving on it. Restricted hydrology with levee wall.","","Adjacent land use","Urban run off, moisture stress and chemicals","","Urban development, climate change","","Mangroves and pigs","Every thing","Development and dredging nearby","Pigs","No threat","Humans maybe","Humans","Possibly feral animals such as cats could be killing all the bird species","","The human access  vehicle tracking  and littering","Human traffic,4x4 and urban pesticiderun off","Littering and chemical spills","Pollution, dry, erosion, recreational use","Littering and no room for expansion","Drains and tidal currents transporting pollutants to the area, use of vehicles quads and motorbikes on the saltmarsh patch.","Local housing run off and cats","","Human use","This saltmash and mangrove area is very close to houses, little to no room to move/creep","","","","","Human use and urbanencroachment","Recreational use and urban infrastructure","Humans","Industrial pollution amd encroachment","","Human developmemts","","Introduction of new developments in nearby area","","motor vehicles, feral animals.","Urban sprawl","Urban / industrial expansion","Urban advancement","Urban development","Human impact through development","Expansion of industrial area, runoff","Mostly pollution, urban and human advancement","","From large debris items and adjacent human land use","Dirt biking, dumping large objects, encroachment from suburbia or grazing","Anthropogenic activities and climate change","Anthropogenic activities mostly","","","Close proximity to urban areas","Human activity","","Cattle damage, drying out, marine debris","Run off from farm, and Airport and cattle damage.","Human made things or doings","Many can contribute such as littering, nearby facilities draining into the salt marsh etc","Peoplemostly","Humans mostly,physical degradation","Polluiton and human impacts","Climate change, development","Humans","People with dirtbike","Erosion, development, climate change","","","","Urbanization, pollution, climate change","","","","","","","Drought, mangrove encroaching unhealthy country","Farming","Public and urban areas","Illegal dumping.","Humans and climate change","Humans","Pollution, infrastructure","","Human Race","Humans","","","","","","","","Suburbia","Human recreational activity.","Climate change and building houses.","Vehicle and bike tracks","Sealevelrise","","Housing - it’s right next door","Development in/near the cattana wetlands possibly","Urban development.","","Development nearby, flooding from cyclones","","Manage the golf course to improve flows","No landwardadvance possible","Pesticide & fertiliser run off.","Not being valued. Sea level rise.","Expansion of housing, extremes of weather,","Mangrove encroachment from rising tides","Sea level rising","Rising sea levels and urban development chipping away from both sides","Over expansion and selection stress for species","Rising sea levels","Coastal squeeze","Saltmarshes can face threats from human activities like coastal development, pollution, and climate change.","Encroachment","","Potential landfill","Farmers","","","Human Race","","Cattle and farmland","Anthropogenic land use. Rising sea levels","Cattle","Cattle","No immediate threats, just general climate change or if they decided to develop it in the future.","Domestic and feral cats","Mostlyby unawareness of people about their importance","People, seal level rise and urban development","Direct human impacts (vehicle tracks & infrastructure), chemical run off, climate change","People….urbanisation.","Poison from run off","Human habitation, industrial and commercial land use. Climate impacts.","Humans","Agriculture within the area.","Rubbish, coastal squeeze","","Pigs","Urban expansion","","","Land retreat and coastal squeeze as well as cattle grazing could potentially become large threats and greater community engagement may help with this","human impact","Coastal sqeeze","cattle grazing and sea level rise","Anthropogenic impacts and coastal squeeze","Sea levels rising","","","Sea level rise and avacinea.","Sealevel rise,","Airport expansion, urban development and pollution run off","The road prevents the migration of the saltmarsh and so the mangrove is slowly consuming the saltmarsh","Mangrove encroachment, urban build up, airport","Climate change, rising sea levels","","","Human development and contamination","Urban environment run off, climate change, airport","Developmentin the future","No high risk threats, but pollution may be possible from adjacent businesses","Expanding urbanisation","Human development","Human beings","Human activity, sea rise","","","","","","","","Humans","","","","","","","","","","","","","","","","","","","",""
"Could be mmproved by..","EPBC listing, and stronger emissions reductions targets from Australian government","Strengthening government policy","Stronger government protection","Educatiobn","","","I think this saltmarsh is doing quite well","Climate action","Climate change action by our politicians","Protect it","","Education and action","Great revegetation work is ongoing","","By making people aware of their impact","Restrict access. Stronger planning.","Physical barriers to vehicle access","Protecting the area and education on how why they are importantly and how they are being impacted bymotorbike use and cars","Preserve/ restrict access. Education","","Preserve/ don’t dump","Education, legislation","Education, limit vehicle access","By keeping vehicles away close access","Signage,walkway,community awareness","","Recognition education value judgement","Public awareness and legal protection","","Awareness of the importance of tropical saltmarshes","Legal protection","Unsure","Public education regarding the values","More knowledge about how best to care for it. Education","Education, education and demonstration of the values of saltmarsh areas.","Education to communities and removal of cats","Feral cat catcher","Divert run off , help inform locals of importance of protecting marsh","Community engagement and education.","Blocking access by vechiles","Salt marsh seems healthy. With no additional traffic it should be fine.","","","Reducing human impact/ use","Restrict vechile use on the saltmarsh and limit the area that can be built on by urban development","More public awareness of the importance of the salt marshes would aid in conservation. Maybe some protection of the saltmarsh areas would be beneficial","Reducing number of people dirt biking in this area","","","","","","Block access for humans","","","Restrictions in the area or laws","","","Intervention","Education","Future surveys","","Storm water could be redirected if possible","Limit urban development","If the community learns of the importance of protecting our mangroves and ecosystems as such then further buildings and urban/ agricultural use can be limited","Limit expansion of urban area","By not littering, and less walking around.","Future surveys","Education schools and community","Redirecting the storm water/ residential water flow if possible.","By educating the public on the importance of these salt marsh and stopping any further infiltration into the sites","Resuce car. Wash pollutants","Find a way to allow it to expand.","Talk to council","Airport management","Land care","Talk to council","Not easily....","Climate action","Making it a protected place and by keeping the collection of data","Consistent monitoring and restrictions for surrounding industrial activities to prevent pollution","Education","No easy answer","Legal protection","Behavioural change in litter dropping, action to combat climate change and sea level rise","","","Landcare","More education and awareness of saltmarsh value","by keeping the habitat intact","Commitment, education on value","Education programs that are consistent through schooling and accessible for every child. Community accountability and education groups. Treating the land with care and understanding, assisting the land to play its role in the ecosystems it supports","Protect it","","Increased awareness, community engagement and commitment","Public education and targeted awareness off these areas, fully funded programs for school aged children throughout their education, suburbscould have community groupsalso get on board","","Protecting the areas","Protect the area and have more community science and increase indigenous knowledge.","Education","Protect the area. More citizen science and indigenous knowledge.","Conservation and education","","Make it a protected area and provide more free guided tours for the public to appreciate the habitat and its values.","Control human impact","","Prevent cars from entry","","Regulation of the areas for recreational human use or implement fines for irresponsible waste disposal","","Restricting access","","Surveys like these and controlled human impact","","Make it a protected area and have more free guided tours to people to appreciate the site and see its true value for biodiversity and as a carbon sink.","Raising awareness","Block car access","Restrict access to the area, less interference by humans","Maybe the area shld be restricted to prevent recreational use from humans.","","Education to the community and stopping people from driving through it","","Restrict driving or enforce laws","Education in schools about the importance of salt marshes","Through education with community trying to fix the drain","Education and change the drainage system here.","Reduce storm water impact","Regular site assessments and raising public awareness of the importance of saltmarsh","Educate community","Awareness from locals and council","Restrict access","Community awareness","Fence it off and reduce use of chemicals and fuels near site.","Fence it off, and don't have fuelspraying the mangroves from planes.","Continuing surveys for a steady stream of data.","Cutting off access and hoping for big tides and rain.","Not sure.","Making sure channels are clear.","Maintenance","proper management","Education, maintaining tidal connectivity","Limiting human activity","Maintaining tidal connectivity and restricting human activity im the area","Maintenance of surrounding areas.","Proper maintenance of road and tidal connectivity","Manage any urbanisation properly","","","","","Limited human recreational activities","More education and conservation-based activities (more monitoring projects and educating the locals about salt marsh inportance)","","","","","Legislation","Community education, legislation","Government action.","Education and awareness","Improve hydrology with drains under road","Raising awareness of the importance of salt marshes","Legislation, conservation","Raising awareness of the value of salt marshes. Making people aware of the value to themselves even if they do not care about the environmental value","add connectivity between both sides of the roads, channels underneath","","Conservation, community education","Preserve what is left. Incorporate into further design","Remove invasive species and replant natives to stabilize soil, prevent further colonization of invasives","Education, community awareness","limit dumping","Education, community awareness, stop driving through it","Education and management","","","Limit access to cars","Education and restoration","Restricted access and education outreach","stop garbage from being left there","","","Teach. Develop responsibly","Fencing.","Fencing cattle as a start.","Monitor. No more development","Lessen run off. Limit construction","Shut the gate!","Education","","Education","","Education","","Education","Less humans","Citizen science","Pig control","","If we take better care of our environments","Maybe bring school students down and take surveys to learn how to help the environment aswell as record it in its natural state","Through the use of these saltmarsh walks and surveys to take up with local council to make a change about our nature in mackay","","Educated the community to understand and know more about the importance of  a healthy  and protected mangroves in this region then they will be aware of the saltmarsh to be saved","Education, showing people beauty and importance","Educate other people","Educating the community, pollution plans","Clean area and no illegal chemical dumping","Yes","Yes","","","Yes","","","","","","Keep people out","Restoration and modified human access","Reveg weed removal and where quality monitoring","","Prevent developments and away from recreational use","","Keep it fenced and prevent nearby developments","","fencing","By protecting it","Protected from urban creep","","By leaving it alone and not building and less human beings ruining it","Keep people out","Restrict development.There is already fencing","To be distanced from polluting structures and urban areas","","Remove large debris items","Prevent building","Monitoring programs and conservation actions","Monitoring programs and Conservation actions","","","","","","Educating the farmer and locals","By educating the farmer on the damage the cattle make anddo something about the direct runoff from airport","","implementing such things that prevent damages to salt marsh","Reduce human impacts","Reduced human interaction","Remove car debris","Protection from development","Keep human out or limit and make use of permits","Barrier and set up „tourist“ area to prevent dirtbike","Education, protection","","","","Protection from development, education","","","","","","","Restricted areas for cattle fences/barries","Conservation efforts","No access by vehicles","Maintenance of weeds and surveillance for catching those who do illegal dumping.","Restrict human access","Man made buffers, signage, restricted zones","Stop the pollution and clear weeds from bufferzone","","Care","Care","","","","","","v","","Track development","Increase the awareness of the value as a buffer zone for local people.","Education for children.","Limit access to site ans increase community education","Education","","S","Monitor development","","","Designate protected area","","Manage golf course well","Protection","Legal protection.","Policy and action","Protection from housing development","Monitoring & ensure that terrestrial lands behind salt marsh is not developed, so that the salt marsh encroachment resulting from the mangroves can be supported","Not building close to the mangrove areas","Absolutely","Maintain stable boundary","Changes in systemic use of fossil fuels to stop rising sea levels","Yes","To help save the saltmarsh, it's essential for us to promote conservation efforts.","Continue to inhibit land use on the edges of the area and continue to limit urban and rural development","","Keep area secluded","Block all access to saltmarsh","","","","","Shut down all work around the area","Manage land usage. Lessen sea level rise","Proper management of land use. Fence off area from cattle and monitor use of any pesticides used","Remove cattle from buffer zone","Keep it inaccessible and dont mess with it","Notify surrounding community about cat problems, educate and place traps if necessary","","Restrict any further development","Block vehicle access, education for saltmarsh values.","Influence on decision makers.Public interaction and AWARENESS.","Good environment management in the future","Public communications and more information by getting local groups involved","For sure","Creating a bigger buffer zone between Saltmarsh and near by community.","Redo the road","","More pig control","Educaction","","","Community engagement, educational programs and signage as well as increased accessibility to create a space that people enjoy and will work to protect is the site’s greatest potential in my eyes","Protection","Unrestriction of mangrove incroach on terrestrial soil, limitation of algae mat trampling","remove live stock access","Stop fossil fuels at the source and limit our impact on the environment","By helping the environment and stopping sea levels from rising and mitigating surrounding pollution","","","H???mmm. Cant? Create optiaons elewhere.","Room for expansion but maybe not this site. Roads and buildings.","Education of wider community, boardwalk management to ensure people stay on path and can then enjoy the area","Keep boardwalk maintained to continue to allow access. Interpretive signs","Education, awareness, signage","Open up urban areas for nature growth","","","Protection laws","More awareness that is exists","Preventing development","Education, awareness, surveys, government lobbying","Allow further expansion of saltmarsh, public interest and support,  slow climate change","Increased public interest and concern","","Reverse sea level rise","","","","","","","","Care","","","","","","","","","","","","","","","","","","","",""
